solid OpenSCAD_Model
  facet normal -1 0 0
    outer loop
      vertex 237 6 2.4
      vertex 237 46.5 10
      vertex 237 46.5 2.4
    endloop
  endfacet
  facet normal -1 -0 0
    outer loop
      vertex 237 46.5 10
      vertex 237 6 2.4
      vertex 237 6 10
    endloop
  endfacet
  facet normal -1 0 0
    outer loop
      vertex 237 123.5 2.4
      vertex 237 164 10
      vertex 237 164 2.4
    endloop
  endfacet
  facet normal -1 -0 0
    outer loop
      vertex 237 164 10
      vertex 237 123.5 2.4
      vertex 237 123.5 10
    endloop
  endfacet
  facet normal 1 -0 0
    outer loop
      vertex 237 118.5 16
      vertex 237 123.5 10
      vertex 237 123.5 16
    endloop
  endfacet
  facet normal 1 0 0
    outer loop
      vertex 237 123.5 10
      vertex 237 118.5 16
      vertex 237 118.5 10
    endloop
  endfacet
  facet normal 1 -0 0
    outer loop
      vertex 237 46.5 16
      vertex 237 51.5 10
      vertex 237 51.5 16
    endloop
  endfacet
  facet normal 1 0 0
    outer loop
      vertex 237 51.5 10
      vertex 237 46.5 16
      vertex 237 46.5 10
    endloop
  endfacet
  facet normal 1 -0 0
    outer loop
      vertex 237 82.5 16
      vertex 237 87.5 10
      vertex 237 87.5 16
    endloop
  endfacet
  facet normal 1 0 0
    outer loop
      vertex 237 87.5 10
      vertex 237 82.5 16
      vertex 237 82.5 10
    endloop
  endfacet
  facet normal -1 0 0
    outer loop
      vertex 237 87.5 2.4
      vertex 237 118.5 10
      vertex 237 118.5 2.4
    endloop
  endfacet
  facet normal -1 -0 0
    outer loop
      vertex 237 118.5 10
      vertex 237 87.5 2.4
      vertex 237 87.5 10
    endloop
  endfacet
  facet normal -1 0 0
    outer loop
      vertex 237 51.5 2.4
      vertex 237 82.5 10
      vertex 237 82.5 2.4
    endloop
  endfacet
  facet normal -1 -0 0
    outer loop
      vertex 237 82.5 10
      vertex 237 51.5 2.4
      vertex 237 51.5 10
    endloop
  endfacet
  facet normal -0 0 1
    outer loop
      vertex 3 51.5 16
      vertex 15 46.5 16
      vertex 15 51.5 16
    endloop
  endfacet
  facet normal 0 0 1
    outer loop
      vertex 15 46.5 16
      vertex 3 51.5 16
      vertex 3 46.5 16
    endloop
  endfacet
  facet normal -0 0 1
    outer loop
      vertex 225 51.5 16
      vertex 237 46.5 16
      vertex 237 51.5 16
    endloop
  endfacet
  facet normal 0 0 1
    outer loop
      vertex 237 46.5 16
      vertex 225 51.5 16
      vertex 225 46.5 16
    endloop
  endfacet
  facet normal 0 0 1
    outer loop
      vertex 25.7 65 16
      vertex 25.55 60.05 16
      vertex 25.7 33 16
    endloop
  endfacet
  facet normal 0 0 1
    outer loop
      vertex 25.7 65 16
      vertex 18.45 60.05 16
      vertex 25.55 60.05 16
    endloop
  endfacet
  facet normal 0 0 1
    outer loop
      vertex 18.45 60.05 16
      vertex 18.3 65 16
      vertex 18.45 37.95 16
    endloop
  endfacet
  facet normal -0 0 1
    outer loop
      vertex 18.3 65 16
      vertex 18.45 60.05 16
      vertex 25.7 65 16
    endloop
  endfacet
  facet normal -0 0 1
    outer loop
      vertex 25.55 37.95 16
      vertex 25.7 33 16
      vertex 25.55 60.05 16
    endloop
  endfacet
  facet normal -0 0 1
    outer loop
      vertex 18.45 37.95 16
      vertex 25.7 33 16
      vertex 25.55 37.95 16
    endloop
  endfacet
  facet normal 0 0 1
    outer loop
      vertex 18.45 37.95 16
      vertex 18.3 33 16
      vertex 25.7 33 16
    endloop
  endfacet
  facet normal 0 0 1
    outer loop
      vertex 18.3 33 16
      vertex 18.45 37.95 16
      vertex 18.3 65 16
    endloop
  endfacet
  facet normal 0 0 1
    outer loop
      vertex 221.7 65 16
      vertex 221.55 60.05 16
      vertex 221.7 33 16
    endloop
  endfacet
  facet normal 0 0 1
    outer loop
      vertex 221.7 65 16
      vertex 214.45 60.05 16
      vertex 221.55 60.05 16
    endloop
  endfacet
  facet normal 0 0 1
    outer loop
      vertex 214.45 60.05 16
      vertex 214.3 65 16
      vertex 214.45 37.95 16
    endloop
  endfacet
  facet normal -0 0 1
    outer loop
      vertex 214.3 65 16
      vertex 214.45 60.05 16
      vertex 221.7 65 16
    endloop
  endfacet
  facet normal -0 0 1
    outer loop
      vertex 221.55 37.95 16
      vertex 221.7 33 16
      vertex 221.55 60.05 16
    endloop
  endfacet
  facet normal -0 0 1
    outer loop
      vertex 214.45 37.95 16
      vertex 221.7 33 16
      vertex 221.55 37.95 16
    endloop
  endfacet
  facet normal 0 0 1
    outer loop
      vertex 214.45 37.95 16
      vertex 214.3 33 16
      vertex 221.7 33 16
    endloop
  endfacet
  facet normal 0 0 1
    outer loop
      vertex 214.3 33 16
      vertex 214.45 37.95 16
      vertex 214.3 65 16
    endloop
  endfacet
  facet normal -0 0 1
    outer loop
      vertex 29 51.5 16
      vertex 211 46.5 16
      vertex 211 51.5 16
    endloop
  endfacet
  facet normal 0 0 1
    outer loop
      vertex 211 46.5 16
      vertex 29 51.5 16
      vertex 29 46.5 16
    endloop
  endfacet
  facet normal 1 -0 0
    outer loop
      vertex 3 123.5 10
      vertex 3 164 2.4
      vertex 3 164 10
    endloop
  endfacet
  facet normal 1 0 0
    outer loop
      vertex 3 164 2.4
      vertex 3 123.5 10
      vertex 3 123.5 2.4
    endloop
  endfacet
  facet normal 1 -0 0
    outer loop
      vertex 3 6 10
      vertex 3 46.5 2.4
      vertex 3 46.5 10
    endloop
  endfacet
  facet normal 1 0 0
    outer loop
      vertex 3 46.5 2.4
      vertex 3 6 10
      vertex 3 6 2.4
    endloop
  endfacet
  facet normal -1 0 0
    outer loop
      vertex 3 118.5 10
      vertex 3 123.5 16
      vertex 3 123.5 10
    endloop
  endfacet
  facet normal -1 -0 0
    outer loop
      vertex 3 123.5 16
      vertex 3 118.5 10
      vertex 3 118.5 16
    endloop
  endfacet
  facet normal -1 0 0
    outer loop
      vertex 3 46.5 10
      vertex 3 51.5 16
      vertex 3 51.5 10
    endloop
  endfacet
  facet normal -1 -0 0
    outer loop
      vertex 3 51.5 16
      vertex 3 46.5 10
      vertex 3 46.5 16
    endloop
  endfacet
  facet normal -1 0 0
    outer loop
      vertex 3 82.5 10
      vertex 3 87.5 16
      vertex 3 87.5 10
    endloop
  endfacet
  facet normal -1 -0 0
    outer loop
      vertex 3 87.5 16
      vertex 3 82.5 10
      vertex 3 82.5 16
    endloop
  endfacet
  facet normal 1 -0 0
    outer loop
      vertex 3 87.5 10
      vertex 3 118.5 2.4
      vertex 3 118.5 10
    endloop
  endfacet
  facet normal 1 0 0
    outer loop
      vertex 3 118.5 2.4
      vertex 3 87.5 10
      vertex 3 87.5 2.4
    endloop
  endfacet
  facet normal 1 -0 0
    outer loop
      vertex 3 51.5 10
      vertex 3 82.5 2.4
      vertex 3 82.5 10
    endloop
  endfacet
  facet normal 1 0 0
    outer loop
      vertex 3 82.5 2.4
      vertex 3 51.5 10
      vertex 3 51.5 2.4
    endloop
  endfacet
  facet normal 0 1 0
    outer loop
      vertex 15 51.5 16
      vertex 3 51.5 10
      vertex 3 51.5 16
    endloop
  endfacet
  facet normal 0 1 -0
    outer loop
      vertex 15 51.5 2.4
      vertex 3 51.5 10
      vertex 15 51.5 16
    endloop
  endfacet
  facet normal 0 1 0
    outer loop
      vertex 3 51.5 10
      vertex 15 51.5 2.4
      vertex 3 51.5 2.4
    endloop
  endfacet
  facet normal 0 1 -0
    outer loop
      vertex 237 51.5 10
      vertex 225 51.5 16
      vertex 237 51.5 16
    endloop
  endfacet
  facet normal 0 1 0
    outer loop
      vertex 225 51.5 2.4
      vertex 237 51.5 10
      vertex 237 51.5 2.4
    endloop
  endfacet
  facet normal 0 1 0
    outer loop
      vertex 237 51.5 10
      vertex 225 51.5 2.4
      vertex 225 51.5 16
    endloop
  endfacet
  facet normal 0 1 -0
    outer loop
      vertex 118.2 51.5 2.4
      vertex 72.8 51.5 10
      vertex 118.2 51.5 10
    endloop
  endfacet
  facet normal 0 1 0
    outer loop
      vertex 72.8 51.5 10
      vertex 118.2 51.5 2.4
      vertex 72.8 51.5 2.4
    endloop
  endfacet
  facet normal 0 1 -0
    outer loop
      vertex 167.2 51.5 2.4
      vertex 121.8 51.5 10
      vertex 167.2 51.5 10
    endloop
  endfacet
  facet normal 0 1 0
    outer loop
      vertex 121.8 51.5 10
      vertex 167.2 51.5 2.4
      vertex 121.8 51.5 2.4
    endloop
  endfacet
  facet normal 0 1 0
    outer loop
      vertex 167.2 51.5 10
      vertex 211 51.5 16
      vertex 170.8 51.5 10
    endloop
  endfacet
  facet normal 0 1 -0
    outer loop
      vertex 211 51.5 2.4
      vertex 170.8 51.5 10
      vertex 211 51.5 16
    endloop
  endfacet
  facet normal 0 1 0
    outer loop
      vertex 170.8 51.5 10
      vertex 211 51.5 2.4
      vertex 170.8 51.5 2.4
    endloop
  endfacet
  facet normal 0 1 0
    outer loop
      vertex 121.8 51.5 10
      vertex 211 51.5 16
      vertex 167.2 51.5 10
    endloop
  endfacet
  facet normal 0 1 0
    outer loop
      vertex 211 51.5 16
      vertex 121.8 51.5 10
      vertex 29 51.5 16
    endloop
  endfacet
  facet normal 0 1 -0
    outer loop
      vertex 118.2 51.5 10
      vertex 29 51.5 16
      vertex 121.8 51.5 10
    endloop
  endfacet
  facet normal 0 1 -0
    outer loop
      vertex 72.8 51.5 10
      vertex 29 51.5 16
      vertex 118.2 51.5 10
    endloop
  endfacet
  facet normal 0 1 -0
    outer loop
      vertex 69.2 51.5 10
      vertex 29 51.5 16
      vertex 72.8 51.5 10
    endloop
  endfacet
  facet normal 0 1 0
    outer loop
      vertex 29 51.5 2.4
      vertex 69.2 51.5 10
      vertex 69.2 51.5 2.4
    endloop
  endfacet
  facet normal 0 1 0
    outer loop
      vertex 69.2 51.5 10
      vertex 29 51.5 2.4
      vertex 29 51.5 16
    endloop
  endfacet
  facet normal 0 -1 0
    outer loop
      vertex 3 46.5 10
      vertex 15 46.5 16
      vertex 3 46.5 16
    endloop
  endfacet
  facet normal 0 -1 0
    outer loop
      vertex 15 46.5 2.4
      vertex 3 46.5 10
      vertex 3 46.5 2.4
    endloop
  endfacet
  facet normal 0 -1 0
    outer loop
      vertex 3 46.5 10
      vertex 15 46.5 2.4
      vertex 15 46.5 16
    endloop
  endfacet
  facet normal 0 -1 0
    outer loop
      vertex 225 46.5 16
      vertex 237 46.5 10
      vertex 237 46.5 16
    endloop
  endfacet
  facet normal 0 -1 0
    outer loop
      vertex 225 46.5 2.4
      vertex 237 46.5 10
      vertex 225 46.5 16
    endloop
  endfacet
  facet normal 0 -1 -0
    outer loop
      vertex 237 46.5 10
      vertex 225 46.5 2.4
      vertex 237 46.5 2.4
    endloop
  endfacet
  facet normal 0 -1 0
    outer loop
      vertex 121.8 46.5 2.4
      vertex 167.2 46.5 10
      vertex 121.8 46.5 10
    endloop
  endfacet
  facet normal 0 -1 -0
    outer loop
      vertex 167.2 46.5 10
      vertex 121.8 46.5 2.4
      vertex 167.2 46.5 2.4
    endloop
  endfacet
  facet normal 0 -1 0
    outer loop
      vertex 72.8 46.5 2.4
      vertex 118.2 46.5 10
      vertex 72.8 46.5 10
    endloop
  endfacet
  facet normal 0 -1 -0
    outer loop
      vertex 118.2 46.5 10
      vertex 72.8 46.5 2.4
      vertex 118.2 46.5 2.4
    endloop
  endfacet
  facet normal 0 -1 0
    outer loop
      vertex 72.8 46.5 10
      vertex 29 46.5 16
      vertex 69.2 46.5 10
    endloop
  endfacet
  facet normal 0 -1 0
    outer loop
      vertex 29 46.5 2.4
      vertex 69.2 46.5 10
      vertex 29 46.5 16
    endloop
  endfacet
  facet normal 0 -1 -0
    outer loop
      vertex 69.2 46.5 10
      vertex 29 46.5 2.4
      vertex 69.2 46.5 2.4
    endloop
  endfacet
  facet normal 0 -1 0
    outer loop
      vertex 118.2 46.5 10
      vertex 29 46.5 16
      vertex 72.8 46.5 10
    endloop
  endfacet
  facet normal 0 -1 0
    outer loop
      vertex 29 46.5 16
      vertex 118.2 46.5 10
      vertex 211 46.5 16
    endloop
  endfacet
  facet normal 0 -1 0
    outer loop
      vertex 121.8 46.5 10
      vertex 211 46.5 16
      vertex 118.2 46.5 10
    endloop
  endfacet
  facet normal 0 -1 0
    outer loop
      vertex 167.2 46.5 10
      vertex 211 46.5 16
      vertex 121.8 46.5 10
    endloop
  endfacet
  facet normal 0 -1 0
    outer loop
      vertex 170.8 46.5 10
      vertex 211 46.5 16
      vertex 167.2 46.5 10
    endloop
  endfacet
  facet normal 0 -1 0
    outer loop
      vertex 211 46.5 2.4
      vertex 170.8 46.5 10
      vertex 170.8 46.5 2.4
    endloop
  endfacet
  facet normal 0 -1 0
    outer loop
      vertex 170.8 46.5 10
      vertex 211 46.5 2.4
      vertex 211 46.5 16
    endloop
  endfacet
  facet normal -0 0 1
    outer loop
      vertex 3 87.5 16
      vertex 237 82.5 16
      vertex 237 87.5 16
    endloop
  endfacet
  facet normal 0 0 1
    outer loop
      vertex 237 82.5 16
      vertex 3 87.5 16
      vertex 3 82.5 16
    endloop
  endfacet
  facet normal 0 1 -0
    outer loop
      vertex 69.2 87.5 2.4
      vertex 23.8 87.5 10
      vertex 69.2 87.5 10
    endloop
  endfacet
  facet normal 0 1 0
    outer loop
      vertex 23.8 87.5 10
      vertex 69.2 87.5 2.4
      vertex 23.8 87.5 2.4
    endloop
  endfacet
  facet normal 0 1 -0
    outer loop
      vertex 118.2 87.5 2.4
      vertex 72.8 87.5 10
      vertex 118.2 87.5 10
    endloop
  endfacet
  facet normal 0 1 0
    outer loop
      vertex 72.8 87.5 10
      vertex 118.2 87.5 2.4
      vertex 72.8 87.5 2.4
    endloop
  endfacet
  facet normal 0 1 -0
    outer loop
      vertex 167.2 87.5 2.4
      vertex 121.8 87.5 10
      vertex 167.2 87.5 10
    endloop
  endfacet
  facet normal 0 1 0
    outer loop
      vertex 121.8 87.5 10
      vertex 167.2 87.5 2.4
      vertex 121.8 87.5 2.4
    endloop
  endfacet
  facet normal 0 1 -0
    outer loop
      vertex 216.2 87.5 2.4
      vertex 170.8 87.5 10
      vertex 216.2 87.5 10
    endloop
  endfacet
  facet normal 0 1 0
    outer loop
      vertex 170.8 87.5 10
      vertex 216.2 87.5 2.4
      vertex 170.8 87.5 2.4
    endloop
  endfacet
  facet normal 0 1 -0
    outer loop
      vertex 237 87.5 2.4
      vertex 219.8 87.5 10
      vertex 237 87.5 10
    endloop
  endfacet
  facet normal 0 1 0
    outer loop
      vertex 219.8 87.5 10
      vertex 237 87.5 2.4
      vertex 219.8 87.5 2.4
    endloop
  endfacet
  facet normal 0 1 0
    outer loop
      vertex 219.8 87.5 10
      vertex 237 87.5 16
      vertex 237 87.5 10
    endloop
  endfacet
  facet normal 0 1 0
    outer loop
      vertex 216.2 87.5 10
      vertex 237 87.5 16
      vertex 219.8 87.5 10
    endloop
  endfacet
  facet normal 0 1 0
    outer loop
      vertex 170.8 87.5 10
      vertex 237 87.5 16
      vertex 216.2 87.5 10
    endloop
  endfacet
  facet normal 0 1 0
    outer loop
      vertex 167.2 87.5 10
      vertex 237 87.5 16
      vertex 170.8 87.5 10
    endloop
  endfacet
  facet normal 0 1 0
    outer loop
      vertex 121.8 87.5 10
      vertex 237 87.5 16
      vertex 167.2 87.5 10
    endloop
  endfacet
  facet normal 0 1 0
    outer loop
      vertex 237 87.5 16
      vertex 121.8 87.5 10
      vertex 3 87.5 16
    endloop
  endfacet
  facet normal 0 1 -0
    outer loop
      vertex 118.2 87.5 10
      vertex 3 87.5 16
      vertex 121.8 87.5 10
    endloop
  endfacet
  facet normal 0 1 -0
    outer loop
      vertex 72.8 87.5 10
      vertex 3 87.5 16
      vertex 118.2 87.5 10
    endloop
  endfacet
  facet normal 0 1 -0
    outer loop
      vertex 69.2 87.5 10
      vertex 3 87.5 16
      vertex 72.8 87.5 10
    endloop
  endfacet
  facet normal 0 1 -0
    outer loop
      vertex 23.8 87.5 10
      vertex 3 87.5 16
      vertex 69.2 87.5 10
    endloop
  endfacet
  facet normal 0 1 -0
    outer loop
      vertex 20.2 87.5 10
      vertex 3 87.5 16
      vertex 23.8 87.5 10
    endloop
  endfacet
  facet normal 0 1 0
    outer loop
      vertex 20.2 87.5 10
      vertex 3 87.5 10
      vertex 3 87.5 16
    endloop
  endfacet
  facet normal 0 1 -0
    outer loop
      vertex 20.2 87.5 2.4
      vertex 3 87.5 10
      vertex 20.2 87.5 10
    endloop
  endfacet
  facet normal 0 1 0
    outer loop
      vertex 3 87.5 10
      vertex 20.2 87.5 2.4
      vertex 3 87.5 2.4
    endloop
  endfacet
  facet normal 0 -1 0
    outer loop
      vertex 170.8 82.5 2.4
      vertex 216.2 82.5 10
      vertex 170.8 82.5 10
    endloop
  endfacet
  facet normal 0 -1 -0
    outer loop
      vertex 216.2 82.5 10
      vertex 170.8 82.5 2.4
      vertex 216.2 82.5 2.4
    endloop
  endfacet
  facet normal 0 -1 0
    outer loop
      vertex 121.8 82.5 2.4
      vertex 167.2 82.5 10
      vertex 121.8 82.5 10
    endloop
  endfacet
  facet normal 0 -1 -0
    outer loop
      vertex 167.2 82.5 10
      vertex 121.8 82.5 2.4
      vertex 167.2 82.5 2.4
    endloop
  endfacet
  facet normal 0 -1 0
    outer loop
      vertex 72.8 82.5 2.4
      vertex 118.2 82.5 10
      vertex 72.8 82.5 10
    endloop
  endfacet
  facet normal 0 -1 -0
    outer loop
      vertex 118.2 82.5 10
      vertex 72.8 82.5 2.4
      vertex 118.2 82.5 2.4
    endloop
  endfacet
  facet normal 0 -1 0
    outer loop
      vertex 23.8 82.5 2.4
      vertex 69.2 82.5 10
      vertex 23.8 82.5 10
    endloop
  endfacet
  facet normal 0 -1 -0
    outer loop
      vertex 69.2 82.5 10
      vertex 23.8 82.5 2.4
      vertex 69.2 82.5 2.4
    endloop
  endfacet
  facet normal 0 -1 0
    outer loop
      vertex 3 82.5 2.4
      vertex 20.2 82.5 10
      vertex 3 82.5 10
    endloop
  endfacet
  facet normal 0 -1 -0
    outer loop
      vertex 20.2 82.5 10
      vertex 3 82.5 2.4
      vertex 20.2 82.5 2.4
    endloop
  endfacet
  facet normal 0 -1 0
    outer loop
      vertex 20.2 82.5 10
      vertex 3 82.5 16
      vertex 3 82.5 10
    endloop
  endfacet
  facet normal 0 -1 0
    outer loop
      vertex 23.8 82.5 10
      vertex 3 82.5 16
      vertex 20.2 82.5 10
    endloop
  endfacet
  facet normal 0 -1 0
    outer loop
      vertex 69.2 82.5 10
      vertex 3 82.5 16
      vertex 23.8 82.5 10
    endloop
  endfacet
  facet normal 0 -1 0
    outer loop
      vertex 72.8 82.5 10
      vertex 3 82.5 16
      vertex 69.2 82.5 10
    endloop
  endfacet
  facet normal 0 -1 0
    outer loop
      vertex 118.2 82.5 10
      vertex 3 82.5 16
      vertex 72.8 82.5 10
    endloop
  endfacet
  facet normal 0 -1 0
    outer loop
      vertex 3 82.5 16
      vertex 118.2 82.5 10
      vertex 237 82.5 16
    endloop
  endfacet
  facet normal 0 -1 0
    outer loop
      vertex 121.8 82.5 10
      vertex 237 82.5 16
      vertex 118.2 82.5 10
    endloop
  endfacet
  facet normal 0 -1 0
    outer loop
      vertex 167.2 82.5 10
      vertex 237 82.5 16
      vertex 121.8 82.5 10
    endloop
  endfacet
  facet normal 0 -1 0
    outer loop
      vertex 170.8 82.5 10
      vertex 237 82.5 16
      vertex 167.2 82.5 10
    endloop
  endfacet
  facet normal 0 -1 0
    outer loop
      vertex 216.2 82.5 10
      vertex 237 82.5 16
      vertex 170.8 82.5 10
    endloop
  endfacet
  facet normal 0 -1 0
    outer loop
      vertex 219.8 82.5 10
      vertex 237 82.5 16
      vertex 216.2 82.5 10
    endloop
  endfacet
  facet normal 0 -1 0
    outer loop
      vertex 219.8 82.5 10
      vertex 237 82.5 10
      vertex 237 82.5 16
    endloop
  endfacet
  facet normal 0 -1 0
    outer loop
      vertex 219.8 82.5 2.4
      vertex 237 82.5 10
      vertex 219.8 82.5 10
    endloop
  endfacet
  facet normal 0 -1 -0
    outer loop
      vertex 237 82.5 10
      vertex 219.8 82.5 2.4
      vertex 237 82.5 2.4
    endloop
  endfacet
  facet normal -0 0 1
    outer loop
      vertex 3 123.5 16
      vertex 15 118.5 16
      vertex 15 123.5 16
    endloop
  endfacet
  facet normal 0 0 1
    outer loop
      vertex 15 118.5 16
      vertex 3 123.5 16
      vertex 3 118.5 16
    endloop
  endfacet
  facet normal -0 0 1
    outer loop
      vertex 225 123.5 16
      vertex 237 118.5 16
      vertex 237 123.5 16
    endloop
  endfacet
  facet normal 0 0 1
    outer loop
      vertex 237 118.5 16
      vertex 225 123.5 16
      vertex 225 118.5 16
    endloop
  endfacet
  facet normal 0 0 1
    outer loop
      vertex 25.7 137 16
      vertex 25.55 132.05 16
      vertex 25.7 105 16
    endloop
  endfacet
  facet normal 0 0 1
    outer loop
      vertex 25.7 137 16
      vertex 18.45 132.05 16
      vertex 25.55 132.05 16
    endloop
  endfacet
  facet normal 0 0 1
    outer loop
      vertex 18.45 132.05 16
      vertex 18.3 137 16
      vertex 18.45 109.95 16
    endloop
  endfacet
  facet normal -0 0 1
    outer loop
      vertex 18.3 137 16
      vertex 18.45 132.05 16
      vertex 25.7 137 16
    endloop
  endfacet
  facet normal -0 0 1
    outer loop
      vertex 25.55 109.95 16
      vertex 25.7 105 16
      vertex 25.55 132.05 16
    endloop
  endfacet
  facet normal -0 0 1
    outer loop
      vertex 18.45 109.95 16
      vertex 25.7 105 16
      vertex 25.55 109.95 16
    endloop
  endfacet
  facet normal 0 0 1
    outer loop
      vertex 18.45 109.95 16
      vertex 18.3 105 16
      vertex 25.7 105 16
    endloop
  endfacet
  facet normal 0 0 1
    outer loop
      vertex 18.3 105 16
      vertex 18.45 109.95 16
      vertex 18.3 137 16
    endloop
  endfacet
  facet normal 0 0 1
    outer loop
      vertex 221.7 137 16
      vertex 221.55 132.05 16
      vertex 221.7 105 16
    endloop
  endfacet
  facet normal 0 0 1
    outer loop
      vertex 221.7 137 16
      vertex 214.45 132.05 16
      vertex 221.55 132.05 16
    endloop
  endfacet
  facet normal 0 0 1
    outer loop
      vertex 214.45 132.05 16
      vertex 214.3 137 16
      vertex 214.45 109.95 16
    endloop
  endfacet
  facet normal -0 0 1
    outer loop
      vertex 214.3 137 16
      vertex 214.45 132.05 16
      vertex 221.7 137 16
    endloop
  endfacet
  facet normal -0 0 1
    outer loop
      vertex 221.55 109.95 16
      vertex 221.7 105 16
      vertex 221.55 132.05 16
    endloop
  endfacet
  facet normal -0 0 1
    outer loop
      vertex 214.45 109.95 16
      vertex 221.7 105 16
      vertex 221.55 109.95 16
    endloop
  endfacet
  facet normal 0 0 1
    outer loop
      vertex 214.45 109.95 16
      vertex 214.3 105 16
      vertex 221.7 105 16
    endloop
  endfacet
  facet normal 0 0 1
    outer loop
      vertex 214.3 105 16
      vertex 214.45 109.95 16
      vertex 214.3 137 16
    endloop
  endfacet
  facet normal -0 0 1
    outer loop
      vertex 29 123.5 16
      vertex 211 118.5 16
      vertex 211 123.5 16
    endloop
  endfacet
  facet normal 0 0 1
    outer loop
      vertex 211 118.5 16
      vertex 29 123.5 16
      vertex 29 118.5 16
    endloop
  endfacet
  facet normal 0 1 0
    outer loop
      vertex 15 123.5 16
      vertex 3 123.5 10
      vertex 3 123.5 16
    endloop
  endfacet
  facet normal 0 1 -0
    outer loop
      vertex 15 123.5 2.4
      vertex 3 123.5 10
      vertex 15 123.5 16
    endloop
  endfacet
  facet normal 0 1 0
    outer loop
      vertex 3 123.5 10
      vertex 15 123.5 2.4
      vertex 3 123.5 2.4
    endloop
  endfacet
  facet normal 0 1 -0
    outer loop
      vertex 237 123.5 10
      vertex 225 123.5 16
      vertex 237 123.5 16
    endloop
  endfacet
  facet normal 0 1 0
    outer loop
      vertex 225 123.5 2.4
      vertex 237 123.5 10
      vertex 237 123.5 2.4
    endloop
  endfacet
  facet normal 0 1 0
    outer loop
      vertex 237 123.5 10
      vertex 225 123.5 2.4
      vertex 225 123.5 16
    endloop
  endfacet
  facet normal 0 1 -0
    outer loop
      vertex 118.2 123.5 2.4
      vertex 72.8 123.5 10
      vertex 118.2 123.5 10
    endloop
  endfacet
  facet normal 0 1 0
    outer loop
      vertex 72.8 123.5 10
      vertex 118.2 123.5 2.4
      vertex 72.8 123.5 2.4
    endloop
  endfacet
  facet normal 0 1 -0
    outer loop
      vertex 167.2 123.5 2.4
      vertex 121.8 123.5 10
      vertex 167.2 123.5 10
    endloop
  endfacet
  facet normal 0 1 0
    outer loop
      vertex 121.8 123.5 10
      vertex 167.2 123.5 2.4
      vertex 121.8 123.5 2.4
    endloop
  endfacet
  facet normal 0 1 0
    outer loop
      vertex 167.2 123.5 10
      vertex 211 123.5 16
      vertex 170.8 123.5 10
    endloop
  endfacet
  facet normal 0 1 -0
    outer loop
      vertex 211 123.5 2.4
      vertex 170.8 123.5 10
      vertex 211 123.5 16
    endloop
  endfacet
  facet normal 0 1 0
    outer loop
      vertex 170.8 123.5 10
      vertex 211 123.5 2.4
      vertex 170.8 123.5 2.4
    endloop
  endfacet
  facet normal 0 1 0
    outer loop
      vertex 121.8 123.5 10
      vertex 211 123.5 16
      vertex 167.2 123.5 10
    endloop
  endfacet
  facet normal 0 1 0
    outer loop
      vertex 211 123.5 16
      vertex 121.8 123.5 10
      vertex 29 123.5 16
    endloop
  endfacet
  facet normal 0 1 -0
    outer loop
      vertex 118.2 123.5 10
      vertex 29 123.5 16
      vertex 121.8 123.5 10
    endloop
  endfacet
  facet normal 0 1 -0
    outer loop
      vertex 72.8 123.5 10
      vertex 29 123.5 16
      vertex 118.2 123.5 10
    endloop
  endfacet
  facet normal 0 1 -0
    outer loop
      vertex 69.2 123.5 10
      vertex 29 123.5 16
      vertex 72.8 123.5 10
    endloop
  endfacet
  facet normal 0 1 0
    outer loop
      vertex 29 123.5 2.4
      vertex 69.2 123.5 10
      vertex 69.2 123.5 2.4
    endloop
  endfacet
  facet normal 0 1 0
    outer loop
      vertex 69.2 123.5 10
      vertex 29 123.5 2.4
      vertex 29 123.5 16
    endloop
  endfacet
  facet normal 0 -1 0
    outer loop
      vertex 3 118.5 10
      vertex 15 118.5 16
      vertex 3 118.5 16
    endloop
  endfacet
  facet normal 0 -1 0
    outer loop
      vertex 15 118.5 2.4
      vertex 3 118.5 10
      vertex 3 118.5 2.4
    endloop
  endfacet
  facet normal 0 -1 0
    outer loop
      vertex 3 118.5 10
      vertex 15 118.5 2.4
      vertex 15 118.5 16
    endloop
  endfacet
  facet normal 0 -1 0
    outer loop
      vertex 225 118.5 16
      vertex 237 118.5 10
      vertex 237 118.5 16
    endloop
  endfacet
  facet normal 0 -1 0
    outer loop
      vertex 225 118.5 2.4
      vertex 237 118.5 10
      vertex 225 118.5 16
    endloop
  endfacet
  facet normal 0 -1 -0
    outer loop
      vertex 237 118.5 10
      vertex 225 118.5 2.4
      vertex 237 118.5 2.4
    endloop
  endfacet
  facet normal 0 -1 0
    outer loop
      vertex 121.8 118.5 2.4
      vertex 167.2 118.5 10
      vertex 121.8 118.5 10
    endloop
  endfacet
  facet normal 0 -1 -0
    outer loop
      vertex 167.2 118.5 10
      vertex 121.8 118.5 2.4
      vertex 167.2 118.5 2.4
    endloop
  endfacet
  facet normal 0 -1 0
    outer loop
      vertex 72.8 118.5 2.4
      vertex 118.2 118.5 10
      vertex 72.8 118.5 10
    endloop
  endfacet
  facet normal 0 -1 -0
    outer loop
      vertex 118.2 118.5 10
      vertex 72.8 118.5 2.4
      vertex 118.2 118.5 2.4
    endloop
  endfacet
  facet normal 0 -1 0
    outer loop
      vertex 72.8 118.5 10
      vertex 29 118.5 16
      vertex 69.2 118.5 10
    endloop
  endfacet
  facet normal 0 -1 0
    outer loop
      vertex 29 118.5 2.4
      vertex 69.2 118.5 10
      vertex 29 118.5 16
    endloop
  endfacet
  facet normal 0 -1 -0
    outer loop
      vertex 69.2 118.5 10
      vertex 29 118.5 2.4
      vertex 69.2 118.5 2.4
    endloop
  endfacet
  facet normal 0 -1 0
    outer loop
      vertex 118.2 118.5 10
      vertex 29 118.5 16
      vertex 72.8 118.5 10
    endloop
  endfacet
  facet normal 0 -1 0
    outer loop
      vertex 29 118.5 16
      vertex 118.2 118.5 10
      vertex 211 118.5 16
    endloop
  endfacet
  facet normal 0 -1 0
    outer loop
      vertex 121.8 118.5 10
      vertex 211 118.5 16
      vertex 118.2 118.5 10
    endloop
  endfacet
  facet normal 0 -1 0
    outer loop
      vertex 167.2 118.5 10
      vertex 211 118.5 16
      vertex 121.8 118.5 10
    endloop
  endfacet
  facet normal 0 -1 0
    outer loop
      vertex 170.8 118.5 10
      vertex 211 118.5 16
      vertex 167.2 118.5 10
    endloop
  endfacet
  facet normal 0 -1 0
    outer loop
      vertex 211 118.5 2.4
      vertex 170.8 118.5 10
      vertex 170.8 118.5 2.4
    endloop
  endfacet
  facet normal 0 -1 0
    outer loop
      vertex 170.8 118.5 10
      vertex 211 118.5 2.4
      vertex 211 118.5 16
    endloop
  endfacet
  facet normal 1 -0 0
    outer loop
      vertex 23.8 137 10
      vertex 23.8 167 2.4
      vertex 23.8 167 10
    endloop
  endfacet
  facet normal 1 0 0
    outer loop
      vertex 23.8 167 2.4
      vertex 23.8 137 10
      vertex 23.8 137 2.4
    endloop
  endfacet
  facet normal 1 -0 0
    outer loop
      vertex 23.8 3 10
      vertex 23.8 33 2.4
      vertex 23.8 33 10
    endloop
  endfacet
  facet normal 1 0 0
    outer loop
      vertex 23.8 33 2.4
      vertex 23.8 3 10
      vertex 23.8 3 2.4
    endloop
  endfacet
  facet normal 1 -0 0
    outer loop
      vertex 23.8 87.5 10
      vertex 23.8 105 2.4
      vertex 23.8 105 10
    endloop
  endfacet
  facet normal 1 0 0
    outer loop
      vertex 23.8 105 2.4
      vertex 23.8 87.5 10
      vertex 23.8 87.5 2.4
    endloop
  endfacet
  facet normal 1 -0 0
    outer loop
      vertex 23.8 65 10
      vertex 23.8 82.5 2.4
      vertex 23.8 82.5 10
    endloop
  endfacet
  facet normal 1 0 0
    outer loop
      vertex 23.8 82.5 2.4
      vertex 23.8 65 10
      vertex 23.8 65 2.4
    endloop
  endfacet
  facet normal 0 0 1
    outer loop
      vertex 23.8 137 10
      vertex 20.2 167 10
      vertex 20.2 137 10
    endloop
  endfacet
  facet normal 0 0 1
    outer loop
      vertex 23.8 33 10
      vertex 20.2 33 10
      vertex 23.8 3 10
    endloop
  endfacet
  facet normal 0 0 1
    outer loop
      vertex 72.8 46.5 10
      vertex 69.2 46.5 10
      vertex 72.8 3 10
    endloop
  endfacet
  facet normal 0 0 1
    outer loop
      vertex 121.8 46.5 10
      vertex 118.2 46.5 10
      vertex 121.8 3 10
    endloop
  endfacet
  facet normal 0 0 1
    outer loop
      vertex 170.8 46.5 10
      vertex 167.2 46.5 10
      vertex 170.8 3 10
    endloop
  endfacet
  facet normal 0 0 1
    outer loop
      vertex 219.8 33 10
      vertex 216.2 33 10
      vertex 219.8 3 10
    endloop
  endfacet
  facet normal 0 0 1
    outer loop
      vertex 239.949 164.783 10
      vertex 236.974 164.392 10
      vertex 237 164 10
    endloop
  endfacet
  facet normal 0 0 1
    outer loop
      vertex 237.653 168.76 10
      vertex 236.898 164.776 10
      vertex 236.974 164.392 10
    endloop
  endfacet
  facet normal 0 0 1
    outer loop
      vertex 237.653 168.76 10
      vertex 236.772 165.148 10
      vertex 236.898 164.776 10
    endloop
  endfacet
  facet normal 0 0 1
    outer loop
      vertex 237.653 168.76 10
      vertex 236.598 165.5 10
      vertex 236.772 165.148 10
    endloop
  endfacet
  facet normal 0 0 1
    outer loop
      vertex 237.653 168.76 10
      vertex 236.38 165.826 10
      vertex 236.598 165.5 10
    endloop
  endfacet
  facet normal 0 0 1
    outer loop
      vertex 235.5 166.598 10
      vertex 237 169.196 10
      vertex 236.296 169.543 10
    endloop
  endfacet
  facet normal 0 0 1
    outer loop
      vertex 237.653 168.76 10
      vertex 236.121 166.121 10
      vertex 236.38 165.826 10
    endloop
  endfacet
  facet normal 0 0 1
    outer loop
      vertex 237.653 168.76 10
      vertex 235.826 166.38 10
      vertex 236.121 166.121 10
    endloop
  endfacet
  facet normal 0 0 1
    outer loop
      vertex 235.148 166.772 10
      vertex 236.296 169.543 10
      vertex 235.553 169.796 10
    endloop
  endfacet
  facet normal 0 0 1
    outer loop
      vertex 237 169.196 10
      vertex 235.5 166.598 10
      vertex 235.826 166.38 10
    endloop
  endfacet
  facet normal 0 0 1
    outer loop
      vertex 236.296 169.543 10
      vertex 235.148 166.772 10
      vertex 235.5 166.598 10
    endloop
  endfacet
  facet normal 0 0 1
    outer loop
      vertex 234.776 166.898 10
      vertex 235.553 169.796 10
      vertex 234.783 169.949 10
    endloop
  endfacet
  facet normal 0 0 1
    outer loop
      vertex 235.553 169.796 10
      vertex 234.776 166.898 10
      vertex 235.148 166.772 10
    endloop
  endfacet
  facet normal 0 0 1
    outer loop
      vertex 234.783 169.949 10
      vertex 234.392 166.974 10
      vertex 234.776 166.898 10
    endloop
  endfacet
  facet normal 0 0 1
    outer loop
      vertex 234 170 10
      vertex 234.392 166.974 10
      vertex 234.783 169.949 10
    endloop
  endfacet
  facet normal 0 0 1
    outer loop
      vertex 234 170 10
      vertex 234 167 10
      vertex 234.392 166.974 10
    endloop
  endfacet
  facet normal 0 0 1
    outer loop
      vertex 234 170 10
      vertex 219.8 167 10
      vertex 234 167 10
    endloop
  endfacet
  facet normal 0 0 1
    outer loop
      vertex 219.8 167 10
      vertex 216.2 167 10
      vertex 219.8 137 10
    endloop
  endfacet
  facet normal 0 0 1
    outer loop
      vertex 234 170 10
      vertex 216.2 167 10
      vertex 219.8 167 10
    endloop
  endfacet
  facet normal 0 0 1
    outer loop
      vertex 234 170 10
      vertex 170.8 167 10
      vertex 216.2 167 10
    endloop
  endfacet
  facet normal 0 0 1
    outer loop
      vertex 170.8 167 10
      vertex 167.2 167 10
      vertex 170.8 123.5 10
    endloop
  endfacet
  facet normal 0 0 1
    outer loop
      vertex 234 170 10
      vertex 167.2 167 10
      vertex 170.8 167 10
    endloop
  endfacet
  facet normal 0 0 1
    outer loop
      vertex 234 170 10
      vertex 121.8 167 10
      vertex 167.2 167 10
    endloop
  endfacet
  facet normal 0 0 1
    outer loop
      vertex 121.8 167 10
      vertex 118.2 167 10
      vertex 121.8 123.5 10
    endloop
  endfacet
  facet normal 0 0 1
    outer loop
      vertex 234 170 10
      vertex 118.2 167 10
      vertex 121.8 167 10
    endloop
  endfacet
  facet normal -0 0 1
    outer loop
      vertex 6 170 10
      vertex 118.2 167 10
      vertex 234 170 10
    endloop
  endfacet
  facet normal 0 0 1
    outer loop
      vertex 72.8 167 10
      vertex 69.2 167 10
      vertex 72.8 123.5 10
    endloop
  endfacet
  facet normal 0 0 1
    outer loop
      vertex 118.2 167 10
      vertex 6 170 10
      vertex 72.8 167 10
    endloop
  endfacet
  facet normal 0 0 1
    outer loop
      vertex 72.8 167 10
      vertex 6 170 10
      vertex 69.2 167 10
    endloop
  endfacet
  facet normal 0 0 1
    outer loop
      vertex 23.8 167 10
      vertex 20.2 167 10
      vertex 23.8 137 10
    endloop
  endfacet
  facet normal 0 0 1
    outer loop
      vertex 69.2 167 10
      vertex 6 170 10
      vertex 23.8 167 10
    endloop
  endfacet
  facet normal 0 0 1
    outer loop
      vertex 23.8 167 10
      vertex 6 170 10
      vertex 20.2 167 10
    endloop
  endfacet
  facet normal 0 0 1
    outer loop
      vertex 6 170 10
      vertex 6 167 10
      vertex 20.2 167 10
    endloop
  endfacet
  facet normal 0 0 1
    outer loop
      vertex 6 170 10
      vertex 5.60841 166.974 10
      vertex 6 167 10
    endloop
  endfacet
  facet normal -0 0 1
    outer loop
      vertex 5.21684 169.949 10
      vertex 5.60841 166.974 10
      vertex 6 170 10
    endloop
  endfacet
  facet normal 0 0 1
    outer loop
      vertex 5.60841 166.974 10
      vertex 5.21684 169.949 10
      vertex 5.22354 166.898 10
    endloop
  endfacet
  facet normal -0 0 1
    outer loop
      vertex 4.44708 169.796 10
      vertex 5.22354 166.898 10
      vertex 5.21684 169.949 10
    endloop
  endfacet
  facet normal 0 0 1
    outer loop
      vertex 5.22354 166.898 10
      vertex 4.44708 169.796 10
      vertex 4.85194 166.772 10
    endloop
  endfacet
  facet normal -0 0 1
    outer loop
      vertex 3.70389 169.543 10
      vertex 4.85194 166.772 10
      vertex 4.44708 169.796 10
    endloop
  endfacet
  facet normal 0 0 1
    outer loop
      vertex 4.85194 166.772 10
      vertex 3.70389 169.543 10
      vertex 4.5 166.598 10
    endloop
  endfacet
  facet normal -0 0 1
    outer loop
      vertex 3 169.196 10
      vertex 4.5 166.598 10
      vertex 3.70389 169.543 10
    endloop
  endfacet
  facet normal 0 0 1
    outer loop
      vertex 4.5 166.598 10
      vertex 3 169.196 10
      vertex 4.17371 166.38 10
    endloop
  endfacet
  facet normal -0 0 1
    outer loop
      vertex 2.34743 168.76 10
      vertex 4.17371 166.38 10
      vertex 3 169.196 10
    endloop
  endfacet
  facet normal 0 0 1
    outer loop
      vertex 4.17371 166.38 10
      vertex 2.34743 168.76 10
      vertex 3.87868 166.121 10
    endloop
  endfacet
  facet normal -0 0 1
    outer loop
      vertex 1.75735 168.243 10
      vertex 3.87868 166.121 10
      vertex 2.34743 168.76 10
    endloop
  endfacet
  facet normal 0 0 1
    outer loop
      vertex 3.87868 166.121 10
      vertex 1.75735 168.243 10
      vertex 3.61993 165.826 10
    endloop
  endfacet
  facet normal -0 0 1
    outer loop
      vertex 1.23987 167.653 10
      vertex 3.61993 165.826 10
      vertex 1.75735 168.243 10
    endloop
  endfacet
  facet normal 0 0 1
    outer loop
      vertex 3.61993 165.826 10
      vertex 1.23987 167.653 10
      vertex 3.40192 165.5 10
    endloop
  endfacet
  facet normal -0 0 1
    outer loop
      vertex 0.803833 167 10
      vertex 3.40192 165.5 10
      vertex 1.23987 167.653 10
    endloop
  endfacet
  facet normal 0 0 1
    outer loop
      vertex 3.40192 165.5 10
      vertex 0.803833 167 10
      vertex 3.22835 165.148 10
    endloop
  endfacet
  facet normal 0 0 1
    outer loop
      vertex 3 164 10
      vertex 0 164 10
      vertex 3 123.5 10
    endloop
  endfacet
  facet normal 0 0 1
    outer loop
      vertex 3 123.5 10
      vertex 0 164 10
      vertex 3 118.5 10
    endloop
  endfacet
  facet normal 0 0 1
    outer loop
      vertex 3 118.5 10
      vertex 0 164 10
      vertex 3 87.5 10
    endloop
  endfacet
  facet normal 0 0 1
    outer loop
      vertex 3 87.5 10
      vertex 0 164 10
      vertex 3 82.5 10
    endloop
  endfacet
  facet normal 0 0 1
    outer loop
      vertex 0 6 10
      vertex 3 82.5 10
      vertex 0 164 10
    endloop
  endfacet
  facet normal 0 0 1
    outer loop
      vertex 3 82.5 10
      vertex 0 6 10
      vertex 3 51.5 10
    endloop
  endfacet
  facet normal 0 0 1
    outer loop
      vertex 3 51.5 10
      vertex 0 6 10
      vertex 3 46.5 10
    endloop
  endfacet
  facet normal -0 0 1
    outer loop
      vertex 0.456711 166.296 10
      vertex 3.22835 165.148 10
      vertex 0.803833 167 10
    endloop
  endfacet
  facet normal 0 0 1
    outer loop
      vertex 3 46.5 10
      vertex 0 6 10
      vertex 3 6 10
    endloop
  endfacet
  facet normal 0 0 1
    outer loop
      vertex 3.22835 165.148 10
      vertex 0.456711 166.296 10
      vertex 3.10222 164.776 10
    endloop
  endfacet
  facet normal 0 -0 1
    outer loop
      vertex 0.0513306 5.21684 10
      vertex 3 6 10
      vertex 0 6 10
    endloop
  endfacet
  facet normal -0 0 1
    outer loop
      vertex 0.204437 165.553 10
      vertex 3.10222 164.776 10
      vertex 0.456711 166.296 10
    endloop
  endfacet
  facet normal 0 0 1
    outer loop
      vertex 3 6 10
      vertex 2.34743 1.23987 10
      vertex 3 0.803833 10
    endloop
  endfacet
  facet normal 0 0 1
    outer loop
      vertex 3.10222 164.776 10
      vertex 0.204437 165.553 10
      vertex 3.02567 164.392 10
    endloop
  endfacet
  facet normal 0 0 1
    outer loop
      vertex 3 6 10
      vertex 1.75735 1.75735 10
      vertex 2.34743 1.23987 10
    endloop
  endfacet
  facet normal -0 0 1
    outer loop
      vertex 0.0513306 164.783 10
      vertex 3.02567 164.392 10
      vertex 0.204437 165.553 10
    endloop
  endfacet
  facet normal 0 0 1
    outer loop
      vertex 3 6 10
      vertex 1.23987 2.34743 10
      vertex 1.75735 1.75735 10
    endloop
  endfacet
  facet normal 0 0 1
    outer loop
      vertex 3.02567 164.392 10
      vertex 0.0513306 164.783 10
      vertex 3 164 10
    endloop
  endfacet
  facet normal 0 0 1
    outer loop
      vertex 3 6 10
      vertex 0.803833 3 10
      vertex 1.23987 2.34743 10
    endloop
  endfacet
  facet normal 0 0 1
    outer loop
      vertex 3 164 10
      vertex 0.0513306 164.783 10
      vertex 0 164 10
    endloop
  endfacet
  facet normal 0 0 1
    outer loop
      vertex 3 6 10
      vertex 0.456711 3.70389 10
      vertex 0.803833 3 10
    endloop
  endfacet
  facet normal 0 0 1
    outer loop
      vertex 3 6 10
      vertex 0.204437 4.44708 10
      vertex 0.456711 3.70389 10
    endloop
  endfacet
  facet normal 0 0 1
    outer loop
      vertex 3 6 10
      vertex 0.0513306 5.21684 10
      vertex 0.204437 4.44708 10
    endloop
  endfacet
  facet normal 0 0 1
    outer loop
      vertex 237 164 10
      vertex 240 164 10
      vertex 239.949 164.783 10
    endloop
  endfacet
  facet normal 0 0 1
    outer loop
      vertex 240 164 10
      vertex 237 87.5 10
      vertex 240 6 10
    endloop
  endfacet
  facet normal 0 0 1
    outer loop
      vertex 236.974 164.392 10
      vertex 239.949 164.783 10
      vertex 239.796 165.553 10
    endloop
  endfacet
  facet normal -0 0 1
    outer loop
      vertex 237 82.5 10
      vertex 240 6 10
      vertex 237 87.5 10
    endloop
  endfacet
  facet normal 0 0 1
    outer loop
      vertex 236.974 164.392 10
      vertex 239.796 165.553 10
      vertex 239.543 166.296 10
    endloop
  endfacet
  facet normal -0 0 1
    outer loop
      vertex 237 51.5 10
      vertex 240 6 10
      vertex 237 82.5 10
    endloop
  endfacet
  facet normal 0 0 1
    outer loop
      vertex 236.974 164.392 10
      vertex 239.543 166.296 10
      vertex 239.196 167 10
    endloop
  endfacet
  facet normal -0 0 1
    outer loop
      vertex 237 46.5 10
      vertex 240 6 10
      vertex 237 51.5 10
    endloop
  endfacet
  facet normal 0 0 1
    outer loop
      vertex 236.974 164.392 10
      vertex 239.196 167 10
      vertex 238.76 167.653 10
    endloop
  endfacet
  facet normal 0 0 1
    outer loop
      vertex 237 6 10
      vertex 240 6 10
      vertex 237 46.5 10
    endloop
  endfacet
  facet normal 0 0 1
    outer loop
      vertex 236.974 164.392 10
      vertex 238.76 167.653 10
      vertex 238.243 168.243 10
    endloop
  endfacet
  facet normal 0 0 1
    outer loop
      vertex 240 6 10
      vertex 237 6 10
      vertex 239.949 5.21684 10
    endloop
  endfacet
  facet normal 0 0 1
    outer loop
      vertex 236.974 164.392 10
      vertex 238.243 168.243 10
      vertex 237.653 168.76 10
    endloop
  endfacet
  facet normal 0 0 1
    outer loop
      vertex 240 164 10
      vertex 237 123.5 10
      vertex 237 118.5 10
    endloop
  endfacet
  facet normal 0 0 1
    outer loop
      vertex 235.826 166.38 10
      vertex 237.653 168.76 10
      vertex 237 169.196 10
    endloop
  endfacet
  facet normal 0 0 1
    outer loop
      vertex 240 164 10
      vertex 237 164 10
      vertex 237 123.5 10
    endloop
  endfacet
  facet normal 0 0 1
    outer loop
      vertex 240 164 10
      vertex 237 118.5 10
      vertex 237 87.5 10
    endloop
  endfacet
  facet normal -0 0 1
    outer loop
      vertex 236.974 5.60841 10
      vertex 239.949 5.21684 10
      vertex 237 6 10
    endloop
  endfacet
  facet normal 0 0 1
    outer loop
      vertex 239.949 5.21684 10
      vertex 236.974 5.60841 10
      vertex 239.796 4.44708 10
    endloop
  endfacet
  facet normal -0 0 1
    outer loop
      vertex 236.898 5.22354 10
      vertex 239.796 4.44708 10
      vertex 236.974 5.60841 10
    endloop
  endfacet
  facet normal 0 0 1
    outer loop
      vertex 239.796 4.44708 10
      vertex 236.898 5.22354 10
      vertex 239.543 3.70389 10
    endloop
  endfacet
  facet normal -0 0 1
    outer loop
      vertex 236.772 4.85194 10
      vertex 239.543 3.70389 10
      vertex 236.898 5.22354 10
    endloop
  endfacet
  facet normal 0 0 1
    outer loop
      vertex 239.543 3.70389 10
      vertex 236.772 4.85194 10
      vertex 239.196 3 10
    endloop
  endfacet
  facet normal -0 0 1
    outer loop
      vertex 236.598 4.5 10
      vertex 239.196 3 10
      vertex 236.772 4.85194 10
    endloop
  endfacet
  facet normal 0 0 1
    outer loop
      vertex 239.196 3 10
      vertex 236.598 4.5 10
      vertex 238.76 2.34743 10
    endloop
  endfacet
  facet normal -0 0 1
    outer loop
      vertex 236.38 4.17371 10
      vertex 238.76 2.34743 10
      vertex 236.598 4.5 10
    endloop
  endfacet
  facet normal 0 0 1
    outer loop
      vertex 238.76 2.34743 10
      vertex 236.38 4.17371 10
      vertex 238.243 1.75735 10
    endloop
  endfacet
  facet normal -0 0 1
    outer loop
      vertex 236.121 3.87868 10
      vertex 238.243 1.75735 10
      vertex 236.38 4.17371 10
    endloop
  endfacet
  facet normal 0 0 1
    outer loop
      vertex 238.243 1.75735 10
      vertex 236.121 3.87868 10
      vertex 237.653 1.23987 10
    endloop
  endfacet
  facet normal -0 0 1
    outer loop
      vertex 235.826 3.61993 10
      vertex 237.653 1.23987 10
      vertex 236.121 3.87868 10
    endloop
  endfacet
  facet normal 0 0 1
    outer loop
      vertex 237.653 1.23987 10
      vertex 235.826 3.61993 10
      vertex 237 0.803833 10
    endloop
  endfacet
  facet normal -0 0 1
    outer loop
      vertex 235.5 3.40192 10
      vertex 237 0.803833 10
      vertex 235.826 3.61993 10
    endloop
  endfacet
  facet normal 0 0 1
    outer loop
      vertex 237 0.803833 10
      vertex 235.5 3.40192 10
      vertex 236.296 0.456711 10
    endloop
  endfacet
  facet normal -0 0 1
    outer loop
      vertex 235.148 3.22835 10
      vertex 236.296 0.456711 10
      vertex 235.5 3.40192 10
    endloop
  endfacet
  facet normal 0 0 1
    outer loop
      vertex 236.296 0.456711 10
      vertex 235.148 3.22835 10
      vertex 235.553 0.204437 10
    endloop
  endfacet
  facet normal -0 0 1
    outer loop
      vertex 234.776 3.10222 10
      vertex 235.553 0.204437 10
      vertex 235.148 3.22835 10
    endloop
  endfacet
  facet normal 0 0 1
    outer loop
      vertex 235.553 0.204437 10
      vertex 234.776 3.10222 10
      vertex 234.783 0.0513306 10
    endloop
  endfacet
  facet normal -0 0 1
    outer loop
      vertex 234.392 3.02567 10
      vertex 234.783 0.0513306 10
      vertex 234.776 3.10222 10
    endloop
  endfacet
  facet normal -0 0 1
    outer loop
      vertex 234 3 10
      vertex 234.783 0.0513306 10
      vertex 234.392 3.02567 10
    endloop
  endfacet
  facet normal 0 0 1
    outer loop
      vertex 234 3 10
      vertex 234 0 10
      vertex 234.783 0.0513306 10
    endloop
  endfacet
  facet normal -0 0 1
    outer loop
      vertex 219.8 3 10
      vertex 234 0 10
      vertex 234 3 10
    endloop
  endfacet
  facet normal 0 0 1
    outer loop
      vertex 216.2 3 10
      vertex 219.8 3 10
      vertex 216.2 33 10
    endloop
  endfacet
  facet normal -0 0 1
    outer loop
      vertex 216.2 3 10
      vertex 234 0 10
      vertex 219.8 3 10
    endloop
  endfacet
  facet normal -0 0 1
    outer loop
      vertex 170.8 3 10
      vertex 234 0 10
      vertex 216.2 3 10
    endloop
  endfacet
  facet normal 0 0 1
    outer loop
      vertex 167.2 3 10
      vertex 170.8 3 10
      vertex 167.2 46.5 10
    endloop
  endfacet
  facet normal -0 0 1
    outer loop
      vertex 167.2 3 10
      vertex 234 0 10
      vertex 170.8 3 10
    endloop
  endfacet
  facet normal -0 0 1
    outer loop
      vertex 121.8 3 10
      vertex 234 0 10
      vertex 167.2 3 10
    endloop
  endfacet
  facet normal 0 0 1
    outer loop
      vertex 118.2 3 10
      vertex 121.8 3 10
      vertex 118.2 46.5 10
    endloop
  endfacet
  facet normal -0 0 1
    outer loop
      vertex 118.2 3 10
      vertex 234 0 10
      vertex 121.8 3 10
    endloop
  endfacet
  facet normal 0 0 1
    outer loop
      vertex 6 0 10
      vertex 118.2 3 10
      vertex 72.8 3 10
    endloop
  endfacet
  facet normal 0 0 1
    outer loop
      vertex 69.2 3 10
      vertex 72.8 3 10
      vertex 69.2 46.5 10
    endloop
  endfacet
  facet normal 0 0 1
    outer loop
      vertex 6 0 10
      vertex 72.8 3 10
      vertex 69.2 3 10
    endloop
  endfacet
  facet normal 0 0 1
    outer loop
      vertex 6 0 10
      vertex 69.2 3 10
      vertex 23.8 3 10
    endloop
  endfacet
  facet normal 0 0 1
    outer loop
      vertex 20.2 3 10
      vertex 23.8 3 10
      vertex 20.2 33 10
    endloop
  endfacet
  facet normal 0 0 1
    outer loop
      vertex 6 0 10
      vertex 23.8 3 10
      vertex 20.2 3 10
    endloop
  endfacet
  facet normal 0 0 1
    outer loop
      vertex 6 0 10
      vertex 20.2 3 10
      vertex 6 3 10
    endloop
  endfacet
  facet normal 0 0 1
    outer loop
      vertex 118.2 3 10
      vertex 6 0 10
      vertex 234 0 10
    endloop
  endfacet
  facet normal 0 0 1
    outer loop
      vertex 5.60841 3.02567 10
      vertex 6 0 10
      vertex 6 3 10
    endloop
  endfacet
  facet normal 0 0 1
    outer loop
      vertex 5.21684 0.0513306 10
      vertex 5.60841 3.02567 10
      vertex 5.22354 3.10222 10
    endloop
  endfacet
  facet normal 0 0 1
    outer loop
      vertex 5.60841 3.02567 10
      vertex 5.21684 0.0513306 10
      vertex 6 0 10
    endloop
  endfacet
  facet normal 0 0 1
    outer loop
      vertex 4.44708 0.204437 10
      vertex 5.22354 3.10222 10
      vertex 4.85194 3.22835 10
    endloop
  endfacet
  facet normal 0 0 1
    outer loop
      vertex 3.70389 0.456711 10
      vertex 4.85194 3.22835 10
      vertex 4.5 3.40192 10
    endloop
  endfacet
  facet normal 0 0 1
    outer loop
      vertex 5.22354 3.10222 10
      vertex 4.44708 0.204437 10
      vertex 5.21684 0.0513306 10
    endloop
  endfacet
  facet normal 0 0 1
    outer loop
      vertex 3 0.803833 10
      vertex 4.5 3.40192 10
      vertex 4.17371 3.61993 10
    endloop
  endfacet
  facet normal 0 0 1
    outer loop
      vertex 3 0.803833 10
      vertex 4.17371 3.61993 10
      vertex 3.87868 3.87868 10
    endloop
  endfacet
  facet normal 0 0 1
    outer loop
      vertex 4.85194 3.22835 10
      vertex 3.70389 0.456711 10
      vertex 4.44708 0.204437 10
    endloop
  endfacet
  facet normal 0 0 1
    outer loop
      vertex 3 0.803833 10
      vertex 3.87868 3.87868 10
      vertex 3.61993 4.17371 10
    endloop
  endfacet
  facet normal 0 0 1
    outer loop
      vertex 3 0.803833 10
      vertex 3.61993 4.17371 10
      vertex 3.40192 4.5 10
    endloop
  endfacet
  facet normal 0 0 1
    outer loop
      vertex 3 0.803833 10
      vertex 3.40192 4.5 10
      vertex 3.22835 4.85194 10
    endloop
  endfacet
  facet normal 0 0 1
    outer loop
      vertex 3 0.803833 10
      vertex 3.22835 4.85194 10
      vertex 3.10222 5.22354 10
    endloop
  endfacet
  facet normal 0 0 1
    outer loop
      vertex 3 0.803833 10
      vertex 3.10222 5.22354 10
      vertex 3.02567 5.60841 10
    endloop
  endfacet
  facet normal 0 0 1
    outer loop
      vertex 4.5 3.40192 10
      vertex 3 0.803833 10
      vertex 3.70389 0.456711 10
    endloop
  endfacet
  facet normal 0 0 1
    outer loop
      vertex 3 0.803833 10
      vertex 3.02567 5.60841 10
      vertex 3 6 10
    endloop
  endfacet
  facet normal 0 0 1
    outer loop
      vertex 219.8 137 10
      vertex 216.2 167 10
      vertex 216.2 137 10
    endloop
  endfacet
  facet normal 0 0 1
    outer loop
      vertex 170.8 123.5 10
      vertex 167.2 167 10
      vertex 167.2 123.5 10
    endloop
  endfacet
  facet normal 0 0 1
    outer loop
      vertex 121.8 123.5 10
      vertex 118.2 167 10
      vertex 118.2 123.5 10
    endloop
  endfacet
  facet normal 0 0 1
    outer loop
      vertex 72.8 123.5 10
      vertex 69.2 167 10
      vertex 69.2 123.5 10
    endloop
  endfacet
  facet normal -0 0 1
    outer loop
      vertex 69.2 82.5 10
      vertex 72.8 51.5 10
      vertex 72.8 82.5 10
    endloop
  endfacet
  facet normal 0 0 1
    outer loop
      vertex 72.8 51.5 10
      vertex 69.2 82.5 10
      vertex 69.2 51.5 10
    endloop
  endfacet
  facet normal -0 0 1
    outer loop
      vertex 118.2 82.5 10
      vertex 121.8 51.5 10
      vertex 121.8 82.5 10
    endloop
  endfacet
  facet normal 0 0 1
    outer loop
      vertex 121.8 51.5 10
      vertex 118.2 82.5 10
      vertex 118.2 51.5 10
    endloop
  endfacet
  facet normal -0 0 1
    outer loop
      vertex 167.2 82.5 10
      vertex 170.8 51.5 10
      vertex 170.8 82.5 10
    endloop
  endfacet
  facet normal 0 0 1
    outer loop
      vertex 170.8 51.5 10
      vertex 167.2 82.5 10
      vertex 167.2 51.5 10
    endloop
  endfacet
  facet normal -0 0 1
    outer loop
      vertex 20.2 105 10
      vertex 23.8 87.5 10
      vertex 23.8 105 10
    endloop
  endfacet
  facet normal 0 0 1
    outer loop
      vertex 23.8 87.5 10
      vertex 20.2 105 10
      vertex 20.2 87.5 10
    endloop
  endfacet
  facet normal -0 0 1
    outer loop
      vertex 69.2 118.5 10
      vertex 72.8 87.5 10
      vertex 72.8 118.5 10
    endloop
  endfacet
  facet normal 0 0 1
    outer loop
      vertex 72.8 87.5 10
      vertex 69.2 118.5 10
      vertex 69.2 87.5 10
    endloop
  endfacet
  facet normal -0 0 1
    outer loop
      vertex 118.2 118.5 10
      vertex 121.8 87.5 10
      vertex 121.8 118.5 10
    endloop
  endfacet
  facet normal 0 0 1
    outer loop
      vertex 121.8 87.5 10
      vertex 118.2 118.5 10
      vertex 118.2 87.5 10
    endloop
  endfacet
  facet normal -0 0 1
    outer loop
      vertex 167.2 118.5 10
      vertex 170.8 87.5 10
      vertex 170.8 118.5 10
    endloop
  endfacet
  facet normal 0 0 1
    outer loop
      vertex 170.8 87.5 10
      vertex 167.2 118.5 10
      vertex 167.2 87.5 10
    endloop
  endfacet
  facet normal -0 0 1
    outer loop
      vertex 216.2 105 10
      vertex 219.8 87.5 10
      vertex 219.8 105 10
    endloop
  endfacet
  facet normal 0 0 1
    outer loop
      vertex 219.8 87.5 10
      vertex 216.2 105 10
      vertex 216.2 87.5 10
    endloop
  endfacet
  facet normal -0 0 1
    outer loop
      vertex 20.2 82.5 10
      vertex 23.8 65 10
      vertex 23.8 82.5 10
    endloop
  endfacet
  facet normal 0 0 1
    outer loop
      vertex 23.8 65 10
      vertex 20.2 82.5 10
      vertex 20.2 65 10
    endloop
  endfacet
  facet normal -0 0 1
    outer loop
      vertex 216.2 82.5 10
      vertex 219.8 65 10
      vertex 219.8 82.5 10
    endloop
  endfacet
  facet normal 0 0 1
    outer loop
      vertex 219.8 65 10
      vertex 216.2 82.5 10
      vertex 216.2 65 10
    endloop
  endfacet
  facet normal -1 0 0
    outer loop
      vertex 20.2 137 2.4
      vertex 20.2 167 10
      vertex 20.2 167 2.4
    endloop
  endfacet
  facet normal -1 -0 0
    outer loop
      vertex 20.2 167 10
      vertex 20.2 137 2.4
      vertex 20.2 137 10
    endloop
  endfacet
  facet normal -1 0 0
    outer loop
      vertex 20.2 3 2.4
      vertex 20.2 33 10
      vertex 20.2 33 2.4
    endloop
  endfacet
  facet normal -1 -0 0
    outer loop
      vertex 20.2 33 10
      vertex 20.2 3 2.4
      vertex 20.2 3 10
    endloop
  endfacet
  facet normal -1 0 0
    outer loop
      vertex 20.2 87.5 2.4
      vertex 20.2 105 10
      vertex 20.2 105 2.4
    endloop
  endfacet
  facet normal -1 -0 0
    outer loop
      vertex 20.2 105 10
      vertex 20.2 87.5 2.4
      vertex 20.2 87.5 10
    endloop
  endfacet
  facet normal -1 0 0
    outer loop
      vertex 20.2 65 2.4
      vertex 20.2 82.5 10
      vertex 20.2 82.5 2.4
    endloop
  endfacet
  facet normal -1 -0 0
    outer loop
      vertex 20.2 82.5 10
      vertex 20.2 65 2.4
      vertex 20.2 65 10
    endloop
  endfacet
  facet normal 0 -1 0
    outer loop
      vertex 219.8 167 2.4
      vertex 234 167 10
      vertex 219.8 167 10
    endloop
  endfacet
  facet normal 0 -1 -0
    outer loop
      vertex 234 167 10
      vertex 219.8 167 2.4
      vertex 234 167 2.4
    endloop
  endfacet
  facet normal 0 -1 0
    outer loop
      vertex 6 167 2.4
      vertex 20.2 167 10
      vertex 6 167 10
    endloop
  endfacet
  facet normal 0 -1 -0
    outer loop
      vertex 20.2 167 10
      vertex 6 167 2.4
      vertex 20.2 167 2.4
    endloop
  endfacet
  facet normal 0 -1 0
    outer loop
      vertex 121.8 167 2.4
      vertex 167.2 167 10
      vertex 121.8 167 10
    endloop
  endfacet
  facet normal 0 -1 -0
    outer loop
      vertex 167.2 167 10
      vertex 121.8 167 2.4
      vertex 167.2 167 2.4
    endloop
  endfacet
  facet normal 0 -1 0
    outer loop
      vertex 170.8 167 2.4
      vertex 216.2 167 10
      vertex 170.8 167 10
    endloop
  endfacet
  facet normal 0 -1 -0
    outer loop
      vertex 216.2 167 10
      vertex 170.8 167 2.4
      vertex 216.2 167 2.4
    endloop
  endfacet
  facet normal 0 -1 0
    outer loop
      vertex 72.8 167 2.4
      vertex 118.2 167 10
      vertex 72.8 167 10
    endloop
  endfacet
  facet normal 0 -1 -0
    outer loop
      vertex 118.2 167 10
      vertex 72.8 167 2.4
      vertex 118.2 167 2.4
    endloop
  endfacet
  facet normal 0 -1 0
    outer loop
      vertex 23.8 167 2.4
      vertex 69.2 167 10
      vertex 23.8 167 10
    endloop
  endfacet
  facet normal 0 -1 -0
    outer loop
      vertex 69.2 167 10
      vertex 23.8 167 2.4
      vertex 69.2 167 2.4
    endloop
  endfacet
  facet normal 0 1 -0
    outer loop
      vertex 234 3 2.4
      vertex 219.8 3 10
      vertex 234 3 10
    endloop
  endfacet
  facet normal 0 1 0
    outer loop
      vertex 219.8 3 10
      vertex 234 3 2.4
      vertex 219.8 3 2.4
    endloop
  endfacet
  facet normal 0 1 -0
    outer loop
      vertex 20.2 3 2.4
      vertex 6 3 10
      vertex 20.2 3 10
    endloop
  endfacet
  facet normal 0 1 0
    outer loop
      vertex 6 3 10
      vertex 20.2 3 2.4
      vertex 6 3 2.4
    endloop
  endfacet
  facet normal 0 1 -0
    outer loop
      vertex 167.2 3 2.4
      vertex 121.8 3 10
      vertex 167.2 3 10
    endloop
  endfacet
  facet normal 0 1 0
    outer loop
      vertex 121.8 3 10
      vertex 167.2 3 2.4
      vertex 121.8 3 2.4
    endloop
  endfacet
  facet normal 0 1 -0
    outer loop
      vertex 216.2 3 2.4
      vertex 170.8 3 10
      vertex 216.2 3 10
    endloop
  endfacet
  facet normal 0 1 0
    outer loop
      vertex 170.8 3 10
      vertex 216.2 3 2.4
      vertex 170.8 3 2.4
    endloop
  endfacet
  facet normal 0 1 -0
    outer loop
      vertex 118.2 3 2.4
      vertex 72.8 3 10
      vertex 118.2 3 10
    endloop
  endfacet
  facet normal 0 1 0
    outer loop
      vertex 72.8 3 10
      vertex 118.2 3 2.4
      vertex 72.8 3 2.4
    endloop
  endfacet
  facet normal 0 1 -0
    outer loop
      vertex 69.2 3 2.4
      vertex 23.8 3 10
      vertex 69.2 3 10
    endloop
  endfacet
  facet normal 0 1 0
    outer loop
      vertex 23.8 3 10
      vertex 69.2 3 2.4
      vertex 23.8 3 2.4
    endloop
  endfacet
  facet normal 1 -0 0
    outer loop
      vertex 72.8 123.5 10
      vertex 72.8 167 2.4
      vertex 72.8 167 10
    endloop
  endfacet
  facet normal 1 0 0
    outer loop
      vertex 72.8 167 2.4
      vertex 72.8 123.5 10
      vertex 72.8 123.5 2.4
    endloop
  endfacet
  facet normal 1 -0 0
    outer loop
      vertex 72.8 3 10
      vertex 72.8 46.5 2.4
      vertex 72.8 46.5 10
    endloop
  endfacet
  facet normal 1 0 0
    outer loop
      vertex 72.8 46.5 2.4
      vertex 72.8 3 10
      vertex 72.8 3 2.4
    endloop
  endfacet
  facet normal 1 -0 0
    outer loop
      vertex 72.8 51.5 10
      vertex 72.8 82.5 2.4
      vertex 72.8 82.5 10
    endloop
  endfacet
  facet normal 1 0 0
    outer loop
      vertex 72.8 82.5 2.4
      vertex 72.8 51.5 10
      vertex 72.8 51.5 2.4
    endloop
  endfacet
  facet normal 1 -0 0
    outer loop
      vertex 72.8 87.5 10
      vertex 72.8 118.5 2.4
      vertex 72.8 118.5 10
    endloop
  endfacet
  facet normal 1 0 0
    outer loop
      vertex 72.8 118.5 2.4
      vertex 72.8 87.5 10
      vertex 72.8 87.5 2.4
    endloop
  endfacet
  facet normal -1 0 0
    outer loop
      vertex 69.2 123.5 2.4
      vertex 69.2 167 10
      vertex 69.2 167 2.4
    endloop
  endfacet
  facet normal -1 -0 0
    outer loop
      vertex 69.2 167 10
      vertex 69.2 123.5 2.4
      vertex 69.2 123.5 10
    endloop
  endfacet
  facet normal -1 0 0
    outer loop
      vertex 69.2 3 2.4
      vertex 69.2 46.5 10
      vertex 69.2 46.5 2.4
    endloop
  endfacet
  facet normal -1 -0 0
    outer loop
      vertex 69.2 46.5 10
      vertex 69.2 3 2.4
      vertex 69.2 3 10
    endloop
  endfacet
  facet normal -1 0 0
    outer loop
      vertex 69.2 51.5 2.4
      vertex 69.2 82.5 10
      vertex 69.2 82.5 2.4
    endloop
  endfacet
  facet normal -1 -0 0
    outer loop
      vertex 69.2 82.5 10
      vertex 69.2 51.5 2.4
      vertex 69.2 51.5 10
    endloop
  endfacet
  facet normal -1 0 0
    outer loop
      vertex 69.2 87.5 2.4
      vertex 69.2 118.5 10
      vertex 69.2 118.5 2.4
    endloop
  endfacet
  facet normal -1 -0 0
    outer loop
      vertex 69.2 118.5 10
      vertex 69.2 87.5 2.4
      vertex 69.2 87.5 10
    endloop
  endfacet
  facet normal 1 -0 0
    outer loop
      vertex 121.8 123.5 10
      vertex 121.8 167 2.4
      vertex 121.8 167 10
    endloop
  endfacet
  facet normal 1 0 0
    outer loop
      vertex 121.8 167 2.4
      vertex 121.8 123.5 10
      vertex 121.8 123.5 2.4
    endloop
  endfacet
  facet normal 1 -0 0
    outer loop
      vertex 121.8 3 10
      vertex 121.8 46.5 2.4
      vertex 121.8 46.5 10
    endloop
  endfacet
  facet normal 1 0 0
    outer loop
      vertex 121.8 46.5 2.4
      vertex 121.8 3 10
      vertex 121.8 3 2.4
    endloop
  endfacet
  facet normal 1 -0 0
    outer loop
      vertex 121.8 51.5 10
      vertex 121.8 82.5 2.4
      vertex 121.8 82.5 10
    endloop
  endfacet
  facet normal 1 0 0
    outer loop
      vertex 121.8 82.5 2.4
      vertex 121.8 51.5 10
      vertex 121.8 51.5 2.4
    endloop
  endfacet
  facet normal 1 -0 0
    outer loop
      vertex 121.8 87.5 10
      vertex 121.8 118.5 2.4
      vertex 121.8 118.5 10
    endloop
  endfacet
  facet normal 1 0 0
    outer loop
      vertex 121.8 118.5 2.4
      vertex 121.8 87.5 10
      vertex 121.8 87.5 2.4
    endloop
  endfacet
  facet normal -1 0 0
    outer loop
      vertex 118.2 123.5 2.4
      vertex 118.2 167 10
      vertex 118.2 167 2.4
    endloop
  endfacet
  facet normal -1 -0 0
    outer loop
      vertex 118.2 167 10
      vertex 118.2 123.5 2.4
      vertex 118.2 123.5 10
    endloop
  endfacet
  facet normal -1 0 0
    outer loop
      vertex 118.2 3 2.4
      vertex 118.2 46.5 10
      vertex 118.2 46.5 2.4
    endloop
  endfacet
  facet normal -1 -0 0
    outer loop
      vertex 118.2 46.5 10
      vertex 118.2 3 2.4
      vertex 118.2 3 10
    endloop
  endfacet
  facet normal -1 0 0
    outer loop
      vertex 118.2 51.5 2.4
      vertex 118.2 82.5 10
      vertex 118.2 82.5 2.4
    endloop
  endfacet
  facet normal -1 -0 0
    outer loop
      vertex 118.2 82.5 10
      vertex 118.2 51.5 2.4
      vertex 118.2 51.5 10
    endloop
  endfacet
  facet normal -1 0 0
    outer loop
      vertex 118.2 87.5 2.4
      vertex 118.2 118.5 10
      vertex 118.2 118.5 2.4
    endloop
  endfacet
  facet normal -1 -0 0
    outer loop
      vertex 118.2 118.5 10
      vertex 118.2 87.5 2.4
      vertex 118.2 87.5 10
    endloop
  endfacet
  facet normal 1 -0 0
    outer loop
      vertex 170.8 123.5 10
      vertex 170.8 167 2.4
      vertex 170.8 167 10
    endloop
  endfacet
  facet normal 1 0 0
    outer loop
      vertex 170.8 167 2.4
      vertex 170.8 123.5 10
      vertex 170.8 123.5 2.4
    endloop
  endfacet
  facet normal 1 -0 0
    outer loop
      vertex 170.8 3 10
      vertex 170.8 46.5 2.4
      vertex 170.8 46.5 10
    endloop
  endfacet
  facet normal 1 0 0
    outer loop
      vertex 170.8 46.5 2.4
      vertex 170.8 3 10
      vertex 170.8 3 2.4
    endloop
  endfacet
  facet normal 1 -0 0
    outer loop
      vertex 170.8 51.5 10
      vertex 170.8 82.5 2.4
      vertex 170.8 82.5 10
    endloop
  endfacet
  facet normal 1 0 0
    outer loop
      vertex 170.8 82.5 2.4
      vertex 170.8 51.5 10
      vertex 170.8 51.5 2.4
    endloop
  endfacet
  facet normal 1 -0 0
    outer loop
      vertex 170.8 87.5 10
      vertex 170.8 118.5 2.4
      vertex 170.8 118.5 10
    endloop
  endfacet
  facet normal 1 0 0
    outer loop
      vertex 170.8 118.5 2.4
      vertex 170.8 87.5 10
      vertex 170.8 87.5 2.4
    endloop
  endfacet
  facet normal -1 0 0
    outer loop
      vertex 167.2 123.5 2.4
      vertex 167.2 167 10
      vertex 167.2 167 2.4
    endloop
  endfacet
  facet normal -1 -0 0
    outer loop
      vertex 167.2 167 10
      vertex 167.2 123.5 2.4
      vertex 167.2 123.5 10
    endloop
  endfacet
  facet normal -1 0 0
    outer loop
      vertex 167.2 3 2.4
      vertex 167.2 46.5 10
      vertex 167.2 46.5 2.4
    endloop
  endfacet
  facet normal -1 -0 0
    outer loop
      vertex 167.2 46.5 10
      vertex 167.2 3 2.4
      vertex 167.2 3 10
    endloop
  endfacet
  facet normal -1 0 0
    outer loop
      vertex 167.2 51.5 2.4
      vertex 167.2 82.5 10
      vertex 167.2 82.5 2.4
    endloop
  endfacet
  facet normal -1 -0 0
    outer loop
      vertex 167.2 82.5 10
      vertex 167.2 51.5 2.4
      vertex 167.2 51.5 10
    endloop
  endfacet
  facet normal -1 0 0
    outer loop
      vertex 167.2 87.5 2.4
      vertex 167.2 118.5 10
      vertex 167.2 118.5 2.4
    endloop
  endfacet
  facet normal -1 -0 0
    outer loop
      vertex 167.2 118.5 10
      vertex 167.2 87.5 2.4
      vertex 167.2 87.5 10
    endloop
  endfacet
  facet normal 1 -0 0
    outer loop
      vertex 219.8 137 10
      vertex 219.8 167 2.4
      vertex 219.8 167 10
    endloop
  endfacet
  facet normal 1 0 0
    outer loop
      vertex 219.8 167 2.4
      vertex 219.8 137 10
      vertex 219.8 137 2.4
    endloop
  endfacet
  facet normal 1 -0 0
    outer loop
      vertex 219.8 3 10
      vertex 219.8 33 2.4
      vertex 219.8 33 10
    endloop
  endfacet
  facet normal 1 0 0
    outer loop
      vertex 219.8 33 2.4
      vertex 219.8 3 10
      vertex 219.8 3 2.4
    endloop
  endfacet
  facet normal 1 -0 0
    outer loop
      vertex 219.8 87.5 10
      vertex 219.8 105 2.4
      vertex 219.8 105 10
    endloop
  endfacet
  facet normal 1 0 0
    outer loop
      vertex 219.8 105 2.4
      vertex 219.8 87.5 10
      vertex 219.8 87.5 2.4
    endloop
  endfacet
  facet normal 1 -0 0
    outer loop
      vertex 219.8 65 10
      vertex 219.8 82.5 2.4
      vertex 219.8 82.5 10
    endloop
  endfacet
  facet normal 1 0 0
    outer loop
      vertex 219.8 82.5 2.4
      vertex 219.8 65 10
      vertex 219.8 65 2.4
    endloop
  endfacet
  facet normal -1 0 0
    outer loop
      vertex 216.2 137 2.4
      vertex 216.2 167 10
      vertex 216.2 167 2.4
    endloop
  endfacet
  facet normal -1 -0 0
    outer loop
      vertex 216.2 167 10
      vertex 216.2 137 2.4
      vertex 216.2 137 10
    endloop
  endfacet
  facet normal -1 0 0
    outer loop
      vertex 216.2 3 2.4
      vertex 216.2 33 10
      vertex 216.2 33 2.4
    endloop
  endfacet
  facet normal -1 -0 0
    outer loop
      vertex 216.2 33 10
      vertex 216.2 3 2.4
      vertex 216.2 3 10
    endloop
  endfacet
  facet normal -1 0 0
    outer loop
      vertex 216.2 87.5 2.4
      vertex 216.2 105 10
      vertex 216.2 105 2.4
    endloop
  endfacet
  facet normal -1 -0 0
    outer loop
      vertex 216.2 105 10
      vertex 216.2 87.5 2.4
      vertex 216.2 87.5 10
    endloop
  endfacet
  facet normal -1 0 0
    outer loop
      vertex 216.2 65 2.4
      vertex 216.2 82.5 10
      vertex 216.2 82.5 2.4
    endloop
  endfacet
  facet normal -1 -0 0
    outer loop
      vertex 216.2 82.5 10
      vertex 216.2 65 2.4
      vertex 216.2 65 10
    endloop
  endfacet
  facet normal 0 1 -0
    outer loop
      vertex 28.5 65 18
      vertex 25.7 65 24
      vertex 28.5 65 24
    endloop
  endfacet
  facet normal 0 1 0
    outer loop
      vertex 25.7 65 16
      vertex 28.5 65 18
      vertex 29 65 16
    endloop
  endfacet
  facet normal 0 1 0
    outer loop
      vertex 28.5 65 18
      vertex 25.7 65 16
      vertex 25.7 65 24
    endloop
  endfacet
  facet normal 0 1 0
    outer loop
      vertex 23.8 65 10
      vertex 25.7 65 16
      vertex 29 65 16
    endloop
  endfacet
  facet normal 0 1 0
    outer loop
      vertex 25.7 65 16
      vertex 23.8 65 10
      vertex 18.3 65 16
    endloop
  endfacet
  facet normal 0 1 -0
    outer loop
      vertex 20.2 65 10
      vertex 18.3 65 16
      vertex 23.8 65 10
    endloop
  endfacet
  facet normal 0 1 -0
    outer loop
      vertex 29 65 2.4
      vertex 23.8 65 10
      vertex 29 65 16
    endloop
  endfacet
  facet normal 0 1 0
    outer loop
      vertex 23.8 65 10
      vertex 29 65 2.4
      vertex 23.8 65 2.4
    endloop
  endfacet
  facet normal 0 1 0
    outer loop
      vertex 18.3 65 24
      vertex 15.5 65 18
      vertex 15.5 65 24
    endloop
  endfacet
  facet normal 0 1 -0
    outer loop
      vertex 18.3 65 16
      vertex 15.5 65 18
      vertex 18.3 65 24
    endloop
  endfacet
  facet normal 0 1 0
    outer loop
      vertex 15.5 65 18
      vertex 18.3 65 16
      vertex 15 65 16
    endloop
  endfacet
  facet normal 0 1 0
    outer loop
      vertex 18.3 65 16
      vertex 20.2 65 10
      vertex 15 65 16
    endloop
  endfacet
  facet normal 0 1 0
    outer loop
      vertex 15 65 2.4
      vertex 20.2 65 10
      vertex 20.2 65 2.4
    endloop
  endfacet
  facet normal 0 1 0
    outer loop
      vertex 20.2 65 10
      vertex 15 65 2.4
      vertex 15 65 16
    endloop
  endfacet
  facet normal 0 -1 0
    outer loop
      vertex 15.5 33 18
      vertex 18.3 33 24
      vertex 15.5 33 24
    endloop
  endfacet
  facet normal 0 -1 0
    outer loop
      vertex 18.3 33 16
      vertex 15.5 33 18
      vertex 15 33 16
    endloop
  endfacet
  facet normal 0 -1 0
    outer loop
      vertex 15.5 33 18
      vertex 18.3 33 16
      vertex 18.3 33 24
    endloop
  endfacet
  facet normal 0 -1 0
    outer loop
      vertex 20.2 33 10
      vertex 18.3 33 16
      vertex 15 33 16
    endloop
  endfacet
  facet normal 0 -1 0
    outer loop
      vertex 18.3 33 16
      vertex 20.2 33 10
      vertex 25.7 33 16
    endloop
  endfacet
  facet normal 0 -1 0
    outer loop
      vertex 23.8 33 10
      vertex 25.7 33 16
      vertex 20.2 33 10
    endloop
  endfacet
  facet normal 0 -1 0
    outer loop
      vertex 15 33 2.4
      vertex 20.2 33 10
      vertex 15 33 16
    endloop
  endfacet
  facet normal 0 -1 -0
    outer loop
      vertex 20.2 33 10
      vertex 15 33 2.4
      vertex 20.2 33 2.4
    endloop
  endfacet
  facet normal 0 -1 0
    outer loop
      vertex 25.7 33 24
      vertex 28.5 33 18
      vertex 28.5 33 24
    endloop
  endfacet
  facet normal 0 -1 0
    outer loop
      vertex 25.7 33 16
      vertex 28.5 33 18
      vertex 25.7 33 24
    endloop
  endfacet
  facet normal 0 -1 -0
    outer loop
      vertex 28.5 33 18
      vertex 25.7 33 16
      vertex 29 33 16
    endloop
  endfacet
  facet normal 0 -1 -0
    outer loop
      vertex 25.7 33 16
      vertex 23.8 33 10
      vertex 29 33 16
    endloop
  endfacet
  facet normal 0 -1 0
    outer loop
      vertex 29 33 2.4
      vertex 23.8 33 10
      vertex 23.8 33 2.4
    endloop
  endfacet
  facet normal 0 -1 0
    outer loop
      vertex 23.8 33 10
      vertex 29 33 2.4
      vertex 29 33 16
    endloop
  endfacet
  facet normal -0.970143 0 0.242536
    outer loop
      vertex 15 51.5 16
      vertex 15.5 65 18
      vertex 15 65 16
    endloop
  endfacet
  facet normal -0.970143 0 0.242536
    outer loop
      vertex 15 46.5 16
      vertex 15.5 65 18
      vertex 15 51.5 16
    endloop
  endfacet
  facet normal -0.970143 0 0.242536
    outer loop
      vertex 15.5 33 18
      vertex 15 46.5 16
      vertex 15 33 16
    endloop
  endfacet
  facet normal -0.970143 0 0.242536
    outer loop
      vertex 15 46.5 16
      vertex 15.5 33 18
      vertex 15.5 65 18
    endloop
  endfacet
  facet normal -1 0 0
    outer loop
      vertex 15.5 33 18
      vertex 15.5 65 24
      vertex 15.5 65 18
    endloop
  endfacet
  facet normal -1 -0 0
    outer loop
      vertex 15.5 65 24
      vertex 15.5 33 18
      vertex 15.5 33 24
    endloop
  endfacet
  facet normal -0 0 1
    outer loop
      vertex 15.5 65 24
      vertex 18.3 33 24
      vertex 18.3 65 24
    endloop
  endfacet
  facet normal 0 0 1
    outer loop
      vertex 18.3 33 24
      vertex 15.5 65 24
      vertex 15.5 33 24
    endloop
  endfacet
  facet normal 1 -0 0
    outer loop
      vertex 18.3 33 24
      vertex 18.3 65 16
      vertex 18.3 65 24
    endloop
  endfacet
  facet normal 1 0 0
    outer loop
      vertex 18.3 65 16
      vertex 18.3 33 24
      vertex 18.3 33 16
    endloop
  endfacet
  facet normal -1 0 0
    outer loop
      vertex 15 51.5 2.4
      vertex 15 65 16
      vertex 15 65 2.4
    endloop
  endfacet
  facet normal -1 -0 0
    outer loop
      vertex 15 65 16
      vertex 15 51.5 2.4
      vertex 15 51.5 16
    endloop
  endfacet
  facet normal -1 0 0
    outer loop
      vertex 15 33 2.4
      vertex 15 46.5 16
      vertex 15 46.5 2.4
    endloop
  endfacet
  facet normal -1 -0 0
    outer loop
      vertex 15 46.5 16
      vertex 15 33 2.4
      vertex 15 33 16
    endloop
  endfacet
  facet normal 0.970143 0 0.242536
    outer loop
      vertex 28.5 65 18
      vertex 29 51.5 16
      vertex 29 65 16
    endloop
  endfacet
  facet normal 0.970143 0 0.242536
    outer loop
      vertex 28.5 65 18
      vertex 29 46.5 16
      vertex 29 51.5 16
    endloop
  endfacet
  facet normal 0.970143 -0 0.242536
    outer loop
      vertex 28.5 33 18
      vertex 29 46.5 16
      vertex 28.5 65 18
    endloop
  endfacet
  facet normal 0.970143 0 0.242536
    outer loop
      vertex 29 46.5 16
      vertex 28.5 33 18
      vertex 29 33 16
    endloop
  endfacet
  facet normal 1 -0 0
    outer loop
      vertex 28.5 33 24
      vertex 28.5 65 18
      vertex 28.5 65 24
    endloop
  endfacet
  facet normal 1 0 0
    outer loop
      vertex 28.5 65 18
      vertex 28.5 33 24
      vertex 28.5 33 18
    endloop
  endfacet
  facet normal -0 0 1
    outer loop
      vertex 25.7 65 24
      vertex 28.5 33 24
      vertex 28.5 65 24
    endloop
  endfacet
  facet normal 0 0 1
    outer loop
      vertex 28.5 33 24
      vertex 25.7 65 24
      vertex 25.7 33 24
    endloop
  endfacet
  facet normal -1 0 0
    outer loop
      vertex 25.7 33 16
      vertex 25.7 65 24
      vertex 25.7 65 16
    endloop
  endfacet
  facet normal -1 -0 0
    outer loop
      vertex 25.7 65 24
      vertex 25.7 33 16
      vertex 25.7 33 24
    endloop
  endfacet
  facet normal 1 -0 0
    outer loop
      vertex 29 51.5 16
      vertex 29 65 2.4
      vertex 29 65 16
    endloop
  endfacet
  facet normal 1 0 0
    outer loop
      vertex 29 65 2.4
      vertex 29 51.5 16
      vertex 29 51.5 2.4
    endloop
  endfacet
  facet normal 1 -0 0
    outer loop
      vertex 29 33 16
      vertex 29 46.5 2.4
      vertex 29 46.5 16
    endloop
  endfacet
  facet normal 1 0 0
    outer loop
      vertex 29 46.5 2.4
      vertex 29 33 16
      vertex 29 33 2.4
    endloop
  endfacet
  facet normal 0 1 -0
    outer loop
      vertex 28.5 137 18
      vertex 25.7 137 24
      vertex 28.5 137 24
    endloop
  endfacet
  facet normal 0 1 0
    outer loop
      vertex 25.7 137 16
      vertex 28.5 137 18
      vertex 29 137 16
    endloop
  endfacet
  facet normal 0 1 0
    outer loop
      vertex 28.5 137 18
      vertex 25.7 137 16
      vertex 25.7 137 24
    endloop
  endfacet
  facet normal 0 1 0
    outer loop
      vertex 23.8 137 10
      vertex 25.7 137 16
      vertex 29 137 16
    endloop
  endfacet
  facet normal 0 1 0
    outer loop
      vertex 25.7 137 16
      vertex 23.8 137 10
      vertex 18.3 137 16
    endloop
  endfacet
  facet normal 0 1 -0
    outer loop
      vertex 20.2 137 10
      vertex 18.3 137 16
      vertex 23.8 137 10
    endloop
  endfacet
  facet normal 0 1 -0
    outer loop
      vertex 29 137 2.4
      vertex 23.8 137 10
      vertex 29 137 16
    endloop
  endfacet
  facet normal 0 1 0
    outer loop
      vertex 23.8 137 10
      vertex 29 137 2.4
      vertex 23.8 137 2.4
    endloop
  endfacet
  facet normal 0 1 0
    outer loop
      vertex 18.3 137 24
      vertex 15.5 137 18
      vertex 15.5 137 24
    endloop
  endfacet
  facet normal 0 1 -0
    outer loop
      vertex 18.3 137 16
      vertex 15.5 137 18
      vertex 18.3 137 24
    endloop
  endfacet
  facet normal 0 1 0
    outer loop
      vertex 15.5 137 18
      vertex 18.3 137 16
      vertex 15 137 16
    endloop
  endfacet
  facet normal 0 1 0
    outer loop
      vertex 18.3 137 16
      vertex 20.2 137 10
      vertex 15 137 16
    endloop
  endfacet
  facet normal 0 1 0
    outer loop
      vertex 15 137 2.4
      vertex 20.2 137 10
      vertex 20.2 137 2.4
    endloop
  endfacet
  facet normal 0 1 0
    outer loop
      vertex 20.2 137 10
      vertex 15 137 2.4
      vertex 15 137 16
    endloop
  endfacet
  facet normal 0 -1 0
    outer loop
      vertex 15.5 105 18
      vertex 18.3 105 24
      vertex 15.5 105 24
    endloop
  endfacet
  facet normal 0 -1 0
    outer loop
      vertex 18.3 105 16
      vertex 15.5 105 18
      vertex 15 105 16
    endloop
  endfacet
  facet normal 0 -1 0
    outer loop
      vertex 15.5 105 18
      vertex 18.3 105 16
      vertex 18.3 105 24
    endloop
  endfacet
  facet normal 0 -1 0
    outer loop
      vertex 20.2 105 10
      vertex 18.3 105 16
      vertex 15 105 16
    endloop
  endfacet
  facet normal 0 -1 0
    outer loop
      vertex 18.3 105 16
      vertex 20.2 105 10
      vertex 25.7 105 16
    endloop
  endfacet
  facet normal 0 -1 0
    outer loop
      vertex 23.8 105 10
      vertex 25.7 105 16
      vertex 20.2 105 10
    endloop
  endfacet
  facet normal 0 -1 0
    outer loop
      vertex 15 105 2.4
      vertex 20.2 105 10
      vertex 15 105 16
    endloop
  endfacet
  facet normal 0 -1 -0
    outer loop
      vertex 20.2 105 10
      vertex 15 105 2.4
      vertex 20.2 105 2.4
    endloop
  endfacet
  facet normal 0 -1 0
    outer loop
      vertex 25.7 105 24
      vertex 28.5 105 18
      vertex 28.5 105 24
    endloop
  endfacet
  facet normal 0 -1 0
    outer loop
      vertex 25.7 105 16
      vertex 28.5 105 18
      vertex 25.7 105 24
    endloop
  endfacet
  facet normal 0 -1 -0
    outer loop
      vertex 28.5 105 18
      vertex 25.7 105 16
      vertex 29 105 16
    endloop
  endfacet
  facet normal 0 -1 -0
    outer loop
      vertex 25.7 105 16
      vertex 23.8 105 10
      vertex 29 105 16
    endloop
  endfacet
  facet normal 0 -1 0
    outer loop
      vertex 29 105 2.4
      vertex 23.8 105 10
      vertex 23.8 105 2.4
    endloop
  endfacet
  facet normal 0 -1 0
    outer loop
      vertex 23.8 105 10
      vertex 29 105 2.4
      vertex 29 105 16
    endloop
  endfacet
  facet normal -0.970143 0 0.242536
    outer loop
      vertex 15 123.5 16
      vertex 15.5 137 18
      vertex 15 137 16
    endloop
  endfacet
  facet normal -0.970143 0 0.242536
    outer loop
      vertex 15 118.5 16
      vertex 15.5 137 18
      vertex 15 123.5 16
    endloop
  endfacet
  facet normal -0.970143 0 0.242536
    outer loop
      vertex 15.5 105 18
      vertex 15 118.5 16
      vertex 15 105 16
    endloop
  endfacet
  facet normal -0.970143 0 0.242536
    outer loop
      vertex 15 118.5 16
      vertex 15.5 105 18
      vertex 15.5 137 18
    endloop
  endfacet
  facet normal -1 0 0
    outer loop
      vertex 15.5 105 18
      vertex 15.5 137 24
      vertex 15.5 137 18
    endloop
  endfacet
  facet normal -1 -0 0
    outer loop
      vertex 15.5 137 24
      vertex 15.5 105 18
      vertex 15.5 105 24
    endloop
  endfacet
  facet normal -0 0 1
    outer loop
      vertex 15.5 137 24
      vertex 18.3 105 24
      vertex 18.3 137 24
    endloop
  endfacet
  facet normal 0 0 1
    outer loop
      vertex 18.3 105 24
      vertex 15.5 137 24
      vertex 15.5 105 24
    endloop
  endfacet
  facet normal 1 -0 0
    outer loop
      vertex 18.3 105 24
      vertex 18.3 137 16
      vertex 18.3 137 24
    endloop
  endfacet
  facet normal 1 0 0
    outer loop
      vertex 18.3 137 16
      vertex 18.3 105 24
      vertex 18.3 105 16
    endloop
  endfacet
  facet normal -1 0 0
    outer loop
      vertex 15 123.5 2.4
      vertex 15 137 16
      vertex 15 137 2.4
    endloop
  endfacet
  facet normal -1 -0 0
    outer loop
      vertex 15 137 16
      vertex 15 123.5 2.4
      vertex 15 123.5 16
    endloop
  endfacet
  facet normal -1 0 0
    outer loop
      vertex 15 105 2.4
      vertex 15 118.5 16
      vertex 15 118.5 2.4
    endloop
  endfacet
  facet normal -1 -0 0
    outer loop
      vertex 15 118.5 16
      vertex 15 105 2.4
      vertex 15 105 16
    endloop
  endfacet
  facet normal 0.970143 0 0.242536
    outer loop
      vertex 28.5 137 18
      vertex 29 123.5 16
      vertex 29 137 16
    endloop
  endfacet
  facet normal 0.970143 0 0.242536
    outer loop
      vertex 28.5 137 18
      vertex 29 118.5 16
      vertex 29 123.5 16
    endloop
  endfacet
  facet normal 0.970143 -0 0.242536
    outer loop
      vertex 28.5 105 18
      vertex 29 118.5 16
      vertex 28.5 137 18
    endloop
  endfacet
  facet normal 0.970143 0 0.242536
    outer loop
      vertex 29 118.5 16
      vertex 28.5 105 18
      vertex 29 105 16
    endloop
  endfacet
  facet normal 1 -0 0
    outer loop
      vertex 28.5 105 24
      vertex 28.5 137 18
      vertex 28.5 137 24
    endloop
  endfacet
  facet normal 1 0 0
    outer loop
      vertex 28.5 137 18
      vertex 28.5 105 24
      vertex 28.5 105 18
    endloop
  endfacet
  facet normal -0 0 1
    outer loop
      vertex 25.7 137 24
      vertex 28.5 105 24
      vertex 28.5 137 24
    endloop
  endfacet
  facet normal 0 0 1
    outer loop
      vertex 28.5 105 24
      vertex 25.7 137 24
      vertex 25.7 105 24
    endloop
  endfacet
  facet normal -1 0 0
    outer loop
      vertex 25.7 105 16
      vertex 25.7 137 24
      vertex 25.7 137 16
    endloop
  endfacet
  facet normal -1 -0 0
    outer loop
      vertex 25.7 137 24
      vertex 25.7 105 16
      vertex 25.7 105 24
    endloop
  endfacet
  facet normal 1 -0 0
    outer loop
      vertex 29 123.5 16
      vertex 29 137 2.4
      vertex 29 137 16
    endloop
  endfacet
  facet normal 1 0 0
    outer loop
      vertex 29 137 2.4
      vertex 29 123.5 16
      vertex 29 123.5 2.4
    endloop
  endfacet
  facet normal 1 -0 0
    outer loop
      vertex 29 105 16
      vertex 29 118.5 2.4
      vertex 29 118.5 16
    endloop
  endfacet
  facet normal 1 0 0
    outer loop
      vertex 29 118.5 2.4
      vertex 29 105 16
      vertex 29 105 2.4
    endloop
  endfacet
  facet normal 0 1 -0
    outer loop
      vertex 224.5 65 18
      vertex 221.7 65 24
      vertex 224.5 65 24
    endloop
  endfacet
  facet normal 0 1 0
    outer loop
      vertex 221.7 65 16
      vertex 224.5 65 18
      vertex 225 65 16
    endloop
  endfacet
  facet normal 0 1 0
    outer loop
      vertex 224.5 65 18
      vertex 221.7 65 16
      vertex 221.7 65 24
    endloop
  endfacet
  facet normal 0 1 0
    outer loop
      vertex 219.8 65 10
      vertex 221.7 65 16
      vertex 225 65 16
    endloop
  endfacet
  facet normal 0 1 0
    outer loop
      vertex 221.7 65 16
      vertex 219.8 65 10
      vertex 214.3 65 16
    endloop
  endfacet
  facet normal 0 1 -0
    outer loop
      vertex 216.2 65 10
      vertex 214.3 65 16
      vertex 219.8 65 10
    endloop
  endfacet
  facet normal 0 1 -0
    outer loop
      vertex 225 65 2.4
      vertex 219.8 65 10
      vertex 225 65 16
    endloop
  endfacet
  facet normal 0 1 0
    outer loop
      vertex 219.8 65 10
      vertex 225 65 2.4
      vertex 219.8 65 2.4
    endloop
  endfacet
  facet normal 0 1 0
    outer loop
      vertex 214.3 65 24
      vertex 211.5 65 18
      vertex 211.5 65 24
    endloop
  endfacet
  facet normal 0 1 -0
    outer loop
      vertex 214.3 65 16
      vertex 211.5 65 18
      vertex 214.3 65 24
    endloop
  endfacet
  facet normal 0 1 0
    outer loop
      vertex 211.5 65 18
      vertex 214.3 65 16
      vertex 211 65 16
    endloop
  endfacet
  facet normal 0 1 0
    outer loop
      vertex 214.3 65 16
      vertex 216.2 65 10
      vertex 211 65 16
    endloop
  endfacet
  facet normal 0 1 0
    outer loop
      vertex 211 65 2.4
      vertex 216.2 65 10
      vertex 216.2 65 2.4
    endloop
  endfacet
  facet normal 0 1 0
    outer loop
      vertex 216.2 65 10
      vertex 211 65 2.4
      vertex 211 65 16
    endloop
  endfacet
  facet normal 0 -1 0
    outer loop
      vertex 211.5 33 18
      vertex 214.3 33 24
      vertex 211.5 33 24
    endloop
  endfacet
  facet normal 0 -1 0
    outer loop
      vertex 214.3 33 16
      vertex 211.5 33 18
      vertex 211 33 16
    endloop
  endfacet
  facet normal 0 -1 0
    outer loop
      vertex 211.5 33 18
      vertex 214.3 33 16
      vertex 214.3 33 24
    endloop
  endfacet
  facet normal 0 -1 0
    outer loop
      vertex 216.2 33 10
      vertex 214.3 33 16
      vertex 211 33 16
    endloop
  endfacet
  facet normal 0 -1 0
    outer loop
      vertex 214.3 33 16
      vertex 216.2 33 10
      vertex 221.7 33 16
    endloop
  endfacet
  facet normal 0 -1 0
    outer loop
      vertex 219.8 33 10
      vertex 221.7 33 16
      vertex 216.2 33 10
    endloop
  endfacet
  facet normal 0 -1 0
    outer loop
      vertex 211 33 2.4
      vertex 216.2 33 10
      vertex 211 33 16
    endloop
  endfacet
  facet normal 0 -1 -0
    outer loop
      vertex 216.2 33 10
      vertex 211 33 2.4
      vertex 216.2 33 2.4
    endloop
  endfacet
  facet normal 0 -1 0
    outer loop
      vertex 221.7 33 24
      vertex 224.5 33 18
      vertex 224.5 33 24
    endloop
  endfacet
  facet normal 0 -1 0
    outer loop
      vertex 221.7 33 16
      vertex 224.5 33 18
      vertex 221.7 33 24
    endloop
  endfacet
  facet normal 0 -1 -0
    outer loop
      vertex 224.5 33 18
      vertex 221.7 33 16
      vertex 225 33 16
    endloop
  endfacet
  facet normal 0 -1 -0
    outer loop
      vertex 221.7 33 16
      vertex 219.8 33 10
      vertex 225 33 16
    endloop
  endfacet
  facet normal 0 -1 0
    outer loop
      vertex 225 33 2.4
      vertex 219.8 33 10
      vertex 219.8 33 2.4
    endloop
  endfacet
  facet normal 0 -1 0
    outer loop
      vertex 219.8 33 10
      vertex 225 33 2.4
      vertex 225 33 16
    endloop
  endfacet
  facet normal -0.970143 0 0.242536
    outer loop
      vertex 211 51.5 16
      vertex 211.5 65 18
      vertex 211 65 16
    endloop
  endfacet
  facet normal -0.970143 0 0.242536
    outer loop
      vertex 211 46.5 16
      vertex 211.5 65 18
      vertex 211 51.5 16
    endloop
  endfacet
  facet normal -0.970143 0 0.242536
    outer loop
      vertex 211.5 33 18
      vertex 211 46.5 16
      vertex 211 33 16
    endloop
  endfacet
  facet normal -0.970143 0 0.242536
    outer loop
      vertex 211 46.5 16
      vertex 211.5 33 18
      vertex 211.5 65 18
    endloop
  endfacet
  facet normal -1 0 0
    outer loop
      vertex 211.5 33 18
      vertex 211.5 65 24
      vertex 211.5 65 18
    endloop
  endfacet
  facet normal -1 -0 0
    outer loop
      vertex 211.5 65 24
      vertex 211.5 33 18
      vertex 211.5 33 24
    endloop
  endfacet
  facet normal -0 0 1
    outer loop
      vertex 211.5 65 24
      vertex 214.3 33 24
      vertex 214.3 65 24
    endloop
  endfacet
  facet normal 0 0 1
    outer loop
      vertex 214.3 33 24
      vertex 211.5 65 24
      vertex 211.5 33 24
    endloop
  endfacet
  facet normal 1 -0 0
    outer loop
      vertex 214.3 33 24
      vertex 214.3 65 16
      vertex 214.3 65 24
    endloop
  endfacet
  facet normal 1 0 0
    outer loop
      vertex 214.3 65 16
      vertex 214.3 33 24
      vertex 214.3 33 16
    endloop
  endfacet
  facet normal -1 0 0
    outer loop
      vertex 211 51.5 2.4
      vertex 211 65 16
      vertex 211 65 2.4
    endloop
  endfacet
  facet normal -1 -0 0
    outer loop
      vertex 211 65 16
      vertex 211 51.5 2.4
      vertex 211 51.5 16
    endloop
  endfacet
  facet normal -1 0 0
    outer loop
      vertex 211 33 2.4
      vertex 211 46.5 16
      vertex 211 46.5 2.4
    endloop
  endfacet
  facet normal -1 -0 0
    outer loop
      vertex 211 46.5 16
      vertex 211 33 2.4
      vertex 211 33 16
    endloop
  endfacet
  facet normal 0.970143 0 0.242536
    outer loop
      vertex 224.5 65 18
      vertex 225 51.5 16
      vertex 225 65 16
    endloop
  endfacet
  facet normal 0.970143 0 0.242536
    outer loop
      vertex 224.5 65 18
      vertex 225 46.5 16
      vertex 225 51.5 16
    endloop
  endfacet
  facet normal 0.970143 -0 0.242536
    outer loop
      vertex 224.5 33 18
      vertex 225 46.5 16
      vertex 224.5 65 18
    endloop
  endfacet
  facet normal 0.970143 0 0.242536
    outer loop
      vertex 225 46.5 16
      vertex 224.5 33 18
      vertex 225 33 16
    endloop
  endfacet
  facet normal 1 -0 0
    outer loop
      vertex 224.5 33 24
      vertex 224.5 65 18
      vertex 224.5 65 24
    endloop
  endfacet
  facet normal 1 0 0
    outer loop
      vertex 224.5 65 18
      vertex 224.5 33 24
      vertex 224.5 33 18
    endloop
  endfacet
  facet normal -0 0 1
    outer loop
      vertex 221.7 65 24
      vertex 224.5 33 24
      vertex 224.5 65 24
    endloop
  endfacet
  facet normal 0 0 1
    outer loop
      vertex 224.5 33 24
      vertex 221.7 65 24
      vertex 221.7 33 24
    endloop
  endfacet
  facet normal -1 0 0
    outer loop
      vertex 221.7 33 16
      vertex 221.7 65 24
      vertex 221.7 65 16
    endloop
  endfacet
  facet normal -1 -0 0
    outer loop
      vertex 221.7 65 24
      vertex 221.7 33 16
      vertex 221.7 33 24
    endloop
  endfacet
  facet normal 1 -0 0
    outer loop
      vertex 225 51.5 16
      vertex 225 65 2.4
      vertex 225 65 16
    endloop
  endfacet
  facet normal 1 0 0
    outer loop
      vertex 225 65 2.4
      vertex 225 51.5 16
      vertex 225 51.5 2.4
    endloop
  endfacet
  facet normal 1 -0 0
    outer loop
      vertex 225 33 16
      vertex 225 46.5 2.4
      vertex 225 46.5 16
    endloop
  endfacet
  facet normal 1 0 0
    outer loop
      vertex 225 46.5 2.4
      vertex 225 33 16
      vertex 225 33 2.4
    endloop
  endfacet
  facet normal 0 1 -0
    outer loop
      vertex 224.5 137 18
      vertex 221.7 137 24
      vertex 224.5 137 24
    endloop
  endfacet
  facet normal 0 1 0
    outer loop
      vertex 221.7 137 16
      vertex 224.5 137 18
      vertex 225 137 16
    endloop
  endfacet
  facet normal 0 1 0
    outer loop
      vertex 224.5 137 18
      vertex 221.7 137 16
      vertex 221.7 137 24
    endloop
  endfacet
  facet normal 0 1 0
    outer loop
      vertex 219.8 137 10
      vertex 221.7 137 16
      vertex 225 137 16
    endloop
  endfacet
  facet normal 0 1 0
    outer loop
      vertex 221.7 137 16
      vertex 219.8 137 10
      vertex 214.3 137 16
    endloop
  endfacet
  facet normal 0 1 -0
    outer loop
      vertex 216.2 137 10
      vertex 214.3 137 16
      vertex 219.8 137 10
    endloop
  endfacet
  facet normal 0 1 -0
    outer loop
      vertex 225 137 2.4
      vertex 219.8 137 10
      vertex 225 137 16
    endloop
  endfacet
  facet normal 0 1 0
    outer loop
      vertex 219.8 137 10
      vertex 225 137 2.4
      vertex 219.8 137 2.4
    endloop
  endfacet
  facet normal 0 1 0
    outer loop
      vertex 214.3 137 24
      vertex 211.5 137 18
      vertex 211.5 137 24
    endloop
  endfacet
  facet normal 0 1 -0
    outer loop
      vertex 214.3 137 16
      vertex 211.5 137 18
      vertex 214.3 137 24
    endloop
  endfacet
  facet normal 0 1 0
    outer loop
      vertex 211.5 137 18
      vertex 214.3 137 16
      vertex 211 137 16
    endloop
  endfacet
  facet normal 0 1 0
    outer loop
      vertex 214.3 137 16
      vertex 216.2 137 10
      vertex 211 137 16
    endloop
  endfacet
  facet normal 0 1 0
    outer loop
      vertex 211 137 2.4
      vertex 216.2 137 10
      vertex 216.2 137 2.4
    endloop
  endfacet
  facet normal 0 1 0
    outer loop
      vertex 216.2 137 10
      vertex 211 137 2.4
      vertex 211 137 16
    endloop
  endfacet
  facet normal 0 -1 0
    outer loop
      vertex 211.5 105 18
      vertex 214.3 105 24
      vertex 211.5 105 24
    endloop
  endfacet
  facet normal 0 -1 0
    outer loop
      vertex 214.3 105 16
      vertex 211.5 105 18
      vertex 211 105 16
    endloop
  endfacet
  facet normal 0 -1 0
    outer loop
      vertex 211.5 105 18
      vertex 214.3 105 16
      vertex 214.3 105 24
    endloop
  endfacet
  facet normal 0 -1 0
    outer loop
      vertex 216.2 105 10
      vertex 214.3 105 16
      vertex 211 105 16
    endloop
  endfacet
  facet normal 0 -1 0
    outer loop
      vertex 214.3 105 16
      vertex 216.2 105 10
      vertex 221.7 105 16
    endloop
  endfacet
  facet normal 0 -1 0
    outer loop
      vertex 219.8 105 10
      vertex 221.7 105 16
      vertex 216.2 105 10
    endloop
  endfacet
  facet normal 0 -1 0
    outer loop
      vertex 211 105 2.4
      vertex 216.2 105 10
      vertex 211 105 16
    endloop
  endfacet
  facet normal 0 -1 -0
    outer loop
      vertex 216.2 105 10
      vertex 211 105 2.4
      vertex 216.2 105 2.4
    endloop
  endfacet
  facet normal 0 -1 0
    outer loop
      vertex 221.7 105 24
      vertex 224.5 105 18
      vertex 224.5 105 24
    endloop
  endfacet
  facet normal 0 -1 0
    outer loop
      vertex 221.7 105 16
      vertex 224.5 105 18
      vertex 221.7 105 24
    endloop
  endfacet
  facet normal 0 -1 -0
    outer loop
      vertex 224.5 105 18
      vertex 221.7 105 16
      vertex 225 105 16
    endloop
  endfacet
  facet normal 0 -1 -0
    outer loop
      vertex 221.7 105 16
      vertex 219.8 105 10
      vertex 225 105 16
    endloop
  endfacet
  facet normal 0 -1 0
    outer loop
      vertex 225 105 2.4
      vertex 219.8 105 10
      vertex 219.8 105 2.4
    endloop
  endfacet
  facet normal 0 -1 0
    outer loop
      vertex 219.8 105 10
      vertex 225 105 2.4
      vertex 225 105 16
    endloop
  endfacet
  facet normal -0.970143 0 0.242536
    outer loop
      vertex 211 123.5 16
      vertex 211.5 137 18
      vertex 211 137 16
    endloop
  endfacet
  facet normal -0.970143 0 0.242536
    outer loop
      vertex 211 118.5 16
      vertex 211.5 137 18
      vertex 211 123.5 16
    endloop
  endfacet
  facet normal -0.970143 0 0.242536
    outer loop
      vertex 211.5 105 18
      vertex 211 118.5 16
      vertex 211 105 16
    endloop
  endfacet
  facet normal -0.970143 0 0.242536
    outer loop
      vertex 211 118.5 16
      vertex 211.5 105 18
      vertex 211.5 137 18
    endloop
  endfacet
  facet normal -1 0 0
    outer loop
      vertex 211.5 105 18
      vertex 211.5 137 24
      vertex 211.5 137 18
    endloop
  endfacet
  facet normal -1 -0 0
    outer loop
      vertex 211.5 137 24
      vertex 211.5 105 18
      vertex 211.5 105 24
    endloop
  endfacet
  facet normal -0 0 1
    outer loop
      vertex 211.5 137 24
      vertex 214.3 105 24
      vertex 214.3 137 24
    endloop
  endfacet
  facet normal 0 0 1
    outer loop
      vertex 214.3 105 24
      vertex 211.5 137 24
      vertex 211.5 105 24
    endloop
  endfacet
  facet normal 1 -0 0
    outer loop
      vertex 214.3 105 24
      vertex 214.3 137 16
      vertex 214.3 137 24
    endloop
  endfacet
  facet normal 1 0 0
    outer loop
      vertex 214.3 137 16
      vertex 214.3 105 24
      vertex 214.3 105 16
    endloop
  endfacet
  facet normal -1 0 0
    outer loop
      vertex 211 123.5 2.4
      vertex 211 137 16
      vertex 211 137 2.4
    endloop
  endfacet
  facet normal -1 -0 0
    outer loop
      vertex 211 137 16
      vertex 211 123.5 2.4
      vertex 211 123.5 16
    endloop
  endfacet
  facet normal -1 0 0
    outer loop
      vertex 211 105 2.4
      vertex 211 118.5 16
      vertex 211 118.5 2.4
    endloop
  endfacet
  facet normal -1 -0 0
    outer loop
      vertex 211 118.5 16
      vertex 211 105 2.4
      vertex 211 105 16
    endloop
  endfacet
  facet normal 0.970143 0 0.242536
    outer loop
      vertex 224.5 137 18
      vertex 225 123.5 16
      vertex 225 137 16
    endloop
  endfacet
  facet normal 0.970143 0 0.242536
    outer loop
      vertex 224.5 137 18
      vertex 225 118.5 16
      vertex 225 123.5 16
    endloop
  endfacet
  facet normal 0.970143 -0 0.242536
    outer loop
      vertex 224.5 105 18
      vertex 225 118.5 16
      vertex 224.5 137 18
    endloop
  endfacet
  facet normal 0.970143 0 0.242536
    outer loop
      vertex 225 118.5 16
      vertex 224.5 105 18
      vertex 225 105 16
    endloop
  endfacet
  facet normal 1 -0 0
    outer loop
      vertex 224.5 105 24
      vertex 224.5 137 18
      vertex 224.5 137 24
    endloop
  endfacet
  facet normal 1 0 0
    outer loop
      vertex 224.5 137 18
      vertex 224.5 105 24
      vertex 224.5 105 18
    endloop
  endfacet
  facet normal -0 0 1
    outer loop
      vertex 221.7 137 24
      vertex 224.5 105 24
      vertex 224.5 137 24
    endloop
  endfacet
  facet normal 0 0 1
    outer loop
      vertex 224.5 105 24
      vertex 221.7 137 24
      vertex 221.7 105 24
    endloop
  endfacet
  facet normal -1 0 0
    outer loop
      vertex 221.7 105 16
      vertex 221.7 137 24
      vertex 221.7 137 16
    endloop
  endfacet
  facet normal -1 -0 0
    outer loop
      vertex 221.7 137 24
      vertex 221.7 105 16
      vertex 221.7 105 24
    endloop
  endfacet
  facet normal 1 -0 0
    outer loop
      vertex 225 123.5 16
      vertex 225 137 2.4
      vertex 225 137 16
    endloop
  endfacet
  facet normal 1 0 0
    outer loop
      vertex 225 137 2.4
      vertex 225 123.5 16
      vertex 225 123.5 2.4
    endloop
  endfacet
  facet normal 1 -0 0
    outer loop
      vertex 225 105 16
      vertex 225 118.5 2.4
      vertex 225 118.5 16
    endloop
  endfacet
  facet normal 1 0 0
    outer loop
      vertex 225 118.5 2.4
      vertex 225 105 16
      vertex 225 105 2.4
    endloop
  endfacet
  facet normal -0.946932 -0.321434 0
    outer loop
      vertex 0.456711 3.70389 0
      vertex 0.204437 4.44708 10
      vertex 0.204437 4.44708 0
    endloop
  endfacet
  facet normal -0.946932 -0.321434 0
    outer loop
      vertex 0.204437 4.44708 10
      vertex 0.456711 3.70389 0
      vertex 0.456711 3.70389 10
    endloop
  endfacet
  facet normal 0.896961 0.44211 0
    outer loop
      vertex 239.543 166.296 10
      vertex 239.196 167 0
      vertex 239.196 167 10
    endloop
  endfacet
  facet normal 0.896961 0.44211 0
    outer loop
      vertex 239.196 167 0
      vertex 239.543 166.296 10
      vertex 239.543 166.296 0
    endloop
  endfacet
  facet normal -0.896899 0.442235 0
    outer loop
      vertex 0.456711 166.296 0
      vertex 0.803833 167 10
      vertex 0.803833 167 0
    endloop
  endfacet
  facet normal -0.896899 0.442235 0
    outer loop
      vertex 0.803833 167 10
      vertex 0.456711 166.296 0
      vertex 0.456711 166.296 10
    endloop
  endfacet
  facet normal 0.980813 -0.19495 0
    outer loop
      vertex 239.796 4.44708 10
      vertex 239.949 5.21684 0
      vertex 239.949 5.21684 10
    endloop
  endfacet
  facet normal 0.980813 -0.19495 0
    outer loop
      vertex 239.949 5.21684 0
      vertex 239.796 4.44708 10
      vertex 239.796 4.44708 0
    endloop
  endfacet
  facet normal -0.555573 -0.831467 0
    outer loop
      vertex 2.34743 1.23987 0
      vertex 3 0.803833 10
      vertex 2.34743 1.23987 10
    endloop
  endfacet
  facet normal -0.555573 -0.831467 -0
    outer loop
      vertex 3 0.803833 10
      vertex 2.34743 1.23987 0
      vertex 3 0.803833 0
    endloop
  endfacet
  facet normal -0.980799 0.195022 0
    outer loop
      vertex 0.0513306 164.783 0
      vertex 0.204437 165.553 10
      vertex 0.204437 165.553 0
    endloop
  endfacet
  facet normal -0.980799 0.195022 0
    outer loop
      vertex 0.204437 165.553 10
      vertex 0.0513306 164.783 0
      vertex 0.0513306 164.783 10
    endloop
  endfacet
  facet normal -0.997859 -0.0654026 0
    outer loop
      vertex 0.0513306 5.21684 0
      vertex 0 6 10
      vertex 0 6 0
    endloop
  endfacet
  facet normal -0.997859 -0.0654026 0
    outer loop
      vertex 0 6 10
      vertex 0.0513306 5.21684 0
      vertex 0.0513306 5.21684 10
    endloop
  endfacet
  facet normal 0.831658 0.555288 0
    outer loop
      vertex 239.196 167 10
      vertex 238.76 167.653 0
      vertex 238.76 167.653 10
    endloop
  endfacet
  facet normal 0.831658 0.555288 0
    outer loop
      vertex 238.76 167.653 0
      vertex 239.196 167 10
      vertex 239.196 167 0
    endloop
  endfacet
  facet normal 0.0649964 0.997886 -0
    outer loop
      vertex 234.783 169.949 0
      vertex 234 170 10
      vertex 234.783 169.949 10
    endloop
  endfacet
  facet normal 0.0649964 0.997886 0
    outer loop
      vertex 234 170 10
      vertex 234.783 169.949 0
      vertex 234 170 0
    endloop
  endfacet
  facet normal 0 0 -1
    outer loop
      vertex 234 0 0
      vertex 240 6 0
      vertex 239.949 5.21684 0
    endloop
  endfacet
  facet normal -0 0 -1
    outer loop
      vertex 240 6 0
      vertex 234 0 0
      vertex 240 164 0
    endloop
  endfacet
  facet normal 0 0 -1
    outer loop
      vertex 234 0 0
      vertex 239.949 5.21684 0
      vertex 239.796 4.44708 0
    endloop
  endfacet
  facet normal 0 0 -1
    outer loop
      vertex 234 170 0
      vertex 240 164 0
      vertex 234 0 0
    endloop
  endfacet
  facet normal 0 0 -1
    outer loop
      vertex 234 0 0
      vertex 239.796 4.44708 0
      vertex 239.543 3.70389 0
    endloop
  endfacet
  facet normal 0 0 -1
    outer loop
      vertex 240 164 0
      vertex 234 170 0
      vertex 239.949 164.783 0
    endloop
  endfacet
  facet normal 0 0 -1
    outer loop
      vertex 234 0 0
      vertex 239.543 3.70389 0
      vertex 239.196 3 0
    endloop
  endfacet
  facet normal 0 0 -1
    outer loop
      vertex 239.949 164.783 0
      vertex 234 170 0
      vertex 239.796 165.553 0
    endloop
  endfacet
  facet normal 0 0 -1
    outer loop
      vertex 234 0 0
      vertex 239.196 3 0
      vertex 238.76 2.34743 0
    endloop
  endfacet
  facet normal 0 0 -1
    outer loop
      vertex 239.796 165.553 0
      vertex 234 170 0
      vertex 239.543 166.296 0
    endloop
  endfacet
  facet normal 0 0 -1
    outer loop
      vertex 234 0 0
      vertex 238.76 2.34743 0
      vertex 238.243 1.75735 0
    endloop
  endfacet
  facet normal 0 0 -1
    outer loop
      vertex 239.543 166.296 0
      vertex 234 170 0
      vertex 239.196 167 0
    endloop
  endfacet
  facet normal 0 0 -1
    outer loop
      vertex 234 0 0
      vertex 238.243 1.75735 0
      vertex 237.653 1.23987 0
    endloop
  endfacet
  facet normal 0 0 -1
    outer loop
      vertex 239.196 167 0
      vertex 234 170 0
      vertex 238.76 167.653 0
    endloop
  endfacet
  facet normal 0 0 -1
    outer loop
      vertex 234 0 0
      vertex 237.653 1.23987 0
      vertex 237 0.803833 0
    endloop
  endfacet
  facet normal 0 0 -1
    outer loop
      vertex 238.76 167.653 0
      vertex 234 170 0
      vertex 238.243 168.243 0
    endloop
  endfacet
  facet normal 0 0 -1
    outer loop
      vertex 234 0 0
      vertex 237 0.803833 0
      vertex 236.296 0.456711 0
    endloop
  endfacet
  facet normal 0 0 -1
    outer loop
      vertex 238.243 168.243 0
      vertex 234 170 0
      vertex 237.653 168.76 0
    endloop
  endfacet
  facet normal 0 0 -1
    outer loop
      vertex 234 0 0
      vertex 236.296 0.456711 0
      vertex 235.553 0.204437 0
    endloop
  endfacet
  facet normal 0 0 -1
    outer loop
      vertex 237.653 168.76 0
      vertex 234 170 0
      vertex 237 169.196 0
    endloop
  endfacet
  facet normal 0 0 -1
    outer loop
      vertex 234 0 0
      vertex 235.553 0.204437 0
      vertex 234.783 0.0513306 0
    endloop
  endfacet
  facet normal 0 0 -1
    outer loop
      vertex 237 169.196 0
      vertex 234 170 0
      vertex 236.296 169.543 0
    endloop
  endfacet
  facet normal 0 0 -1
    outer loop
      vertex 236.296 169.543 0
      vertex 234 170 0
      vertex 235.553 169.796 0
    endloop
  endfacet
  facet normal 0 0 -1
    outer loop
      vertex 235.553 169.796 0
      vertex 234 170 0
      vertex 234.783 169.949 0
    endloop
  endfacet
  facet normal 0 0 -1
    outer loop
      vertex 6 0 0
      vertex 234 170 0
      vertex 234 0 0
    endloop
  endfacet
  facet normal 0 0 -1
    outer loop
      vertex 6 0 0
      vertex 6 170 0
      vertex 234 170 0
    endloop
  endfacet
  facet normal 0 0 -1
    outer loop
      vertex 0 6 0
      vertex 6 0 0
      vertex 5.21684 0.0513306 0
    endloop
  endfacet
  facet normal 0 0 -1
    outer loop
      vertex 6 0 0
      vertex 0 6 0
      vertex 6 170 0
    endloop
  endfacet
  facet normal 0 0 -1
    outer loop
      vertex 0 6 0
      vertex 5.21684 0.0513306 0
      vertex 4.44708 0.204437 0
    endloop
  endfacet
  facet normal 0 0 -1
    outer loop
      vertex 0 164 0
      vertex 6 170 0
      vertex 0 6 0
    endloop
  endfacet
  facet normal 0 0 -1
    outer loop
      vertex 0 6 0
      vertex 4.44708 0.204437 0
      vertex 3.70389 0.456711 0
    endloop
  endfacet
  facet normal 0 0 -1
    outer loop
      vertex 6 170 0
      vertex 0 164 0
      vertex 5.21684 169.949 0
    endloop
  endfacet
  facet normal 0 0 -1
    outer loop
      vertex 0 6 0
      vertex 3.70389 0.456711 0
      vertex 3 0.803833 0
    endloop
  endfacet
  facet normal 0 0 -1
    outer loop
      vertex 5.21684 169.949 0
      vertex 0 164 0
      vertex 4.44708 169.796 0
    endloop
  endfacet
  facet normal 0 0 -1
    outer loop
      vertex 0 6 0
      vertex 3 0.803833 0
      vertex 2.34743 1.23987 0
    endloop
  endfacet
  facet normal 0 0 -1
    outer loop
      vertex 4.44708 169.796 0
      vertex 0 164 0
      vertex 3.70389 169.543 0
    endloop
  endfacet
  facet normal 0 0 -1
    outer loop
      vertex 0 6 0
      vertex 2.34743 1.23987 0
      vertex 1.75735 1.75735 0
    endloop
  endfacet
  facet normal 0 0 -1
    outer loop
      vertex 3.70389 169.543 0
      vertex 0 164 0
      vertex 3 169.196 0
    endloop
  endfacet
  facet normal 0 0 -1
    outer loop
      vertex 0 6 0
      vertex 1.75735 1.75735 0
      vertex 1.23987 2.34743 0
    endloop
  endfacet
  facet normal 0 0 -1
    outer loop
      vertex 3 169.196 0
      vertex 0 164 0
      vertex 2.34743 168.76 0
    endloop
  endfacet
  facet normal 0 0 -1
    outer loop
      vertex 0 6 0
      vertex 1.23987 2.34743 0
      vertex 0.803833 3 0
    endloop
  endfacet
  facet normal 0 0 -1
    outer loop
      vertex 2.34743 168.76 0
      vertex 0 164 0
      vertex 1.75735 168.243 0
    endloop
  endfacet
  facet normal 0 0 -1
    outer loop
      vertex 0 6 0
      vertex 0.803833 3 0
      vertex 0.456711 3.70389 0
    endloop
  endfacet
  facet normal 0 0 -1
    outer loop
      vertex 1.75735 168.243 0
      vertex 0 164 0
      vertex 1.23987 167.653 0
    endloop
  endfacet
  facet normal 0 0 -1
    outer loop
      vertex 0 6 0
      vertex 0.456711 3.70389 0
      vertex 0.204437 4.44708 0
    endloop
  endfacet
  facet normal 0 0 -1
    outer loop
      vertex 1.23987 167.653 0
      vertex 0 164 0
      vertex 0.803833 167 0
    endloop
  endfacet
  facet normal 0 0 -1
    outer loop
      vertex 0 6 0
      vertex 0.204437 4.44708 0
      vertex 0.0513306 5.21684 0
    endloop
  endfacet
  facet normal 0 0 -1
    outer loop
      vertex 0.803833 167 0
      vertex 0 164 0
      vertex 0.456711 166.296 0
    endloop
  endfacet
  facet normal 0 0 -1
    outer loop
      vertex 0.456711 166.296 0
      vertex 0 164 0
      vertex 0.204437 165.553 0
    endloop
  endfacet
  facet normal 0 0 -1
    outer loop
      vertex 0.204437 165.553 0
      vertex 0 164 0
      vertex 0.0513306 164.783 0
    endloop
  endfacet
  facet normal 0.322337 0.946625 -0
    outer loop
      vertex 236.296 169.543 0
      vertex 235.553 169.796 10
      vertex 236.296 169.543 10
    endloop
  endfacet
  facet normal 0.322337 0.946625 0
    outer loop
      vertex 235.553 169.796 10
      vertex 236.296 169.543 0
      vertex 235.553 169.796 0
    endloop
  endfacet
  facet normal -1 0 0
    outer loop
      vertex 0 6 0
      vertex 0 164 10
      vertex 0 164 0
    endloop
  endfacet
  facet normal -1 -0 0
    outer loop
      vertex 0 164 10
      vertex 0 6 0
      vertex 0 6 10
    endloop
  endfacet
  facet normal -0.751844 -0.659341 0
    outer loop
      vertex 1.75735 1.75735 0
      vertex 1.23987 2.34743 10
      vertex 1.23987 2.34743 0
    endloop
  endfacet
  facet normal -0.751844 -0.659341 0
    outer loop
      vertex 1.23987 2.34743 10
      vertex 1.75735 1.75735 0
      vertex 1.75735 1.75735 10
    endloop
  endfacet
  facet normal 0 1 -0
    outer loop
      vertex 234 170 0
      vertex 6 170 10
      vertex 234 170 10
    endloop
  endfacet
  facet normal 0 1 0
    outer loop
      vertex 6 170 10
      vertex 234 170 0
      vertex 6 170 0
    endloop
  endfacet
  facet normal 0.321507 -0.946907 0
    outer loop
      vertex 235.553 0.204437 0
      vertex 236.296 0.456711 10
      vertex 235.553 0.204437 10
    endloop
  endfacet
  facet normal 0.321507 -0.946907 0
    outer loop
      vertex 236.296 0.456711 10
      vertex 235.553 0.204437 0
      vertex 236.296 0.456711 0
    endloop
  endfacet
  facet normal 0 -1 0
    outer loop
      vertex 6 0 0
      vertex 234 0 10
      vertex 6 0 10
    endloop
  endfacet
  facet normal 0 -1 -0
    outer loop
      vertex 234 0 10
      vertex 6 0 0
      vertex 234 0 0
    endloop
  endfacet
  facet normal -0.659341 -0.751844 0
    outer loop
      vertex 1.75735 1.75735 0
      vertex 2.34743 1.23987 10
      vertex 1.75735 1.75735 10
    endloop
  endfacet
  facet normal -0.659341 -0.751844 -0
    outer loop
      vertex 2.34743 1.23987 10
      vertex 1.75735 1.75735 0
      vertex 2.34743 1.23987 0
    endloop
  endfacet
  facet normal -0.831636 0.55532 0
    outer loop
      vertex 0.803833 167 0
      vertex 1.23987 167.653 10
      vertex 1.23987 167.653 0
    endloop
  endfacet
  facet normal -0.831636 0.55532 0
    outer loop
      vertex 1.23987 167.653 10
      vertex 0.803833 167 0
      vertex 0.803833 167 10
    endloop
  endfacet
  facet normal 0.752103 0.659046 0
    outer loop
      vertex 238.76 167.653 10
      vertex 238.243 168.243 0
      vertex 238.243 168.243 10
    endloop
  endfacet
  facet normal 0.752103 0.659046 0
    outer loop
      vertex 238.243 168.243 0
      vertex 238.76 167.653 10
      vertex 238.76 167.653 0
    endloop
  endfacet
  facet normal 0.94665 -0.322263 0
    outer loop
      vertex 239.543 3.70389 10
      vertex 239.796 4.44708 0
      vertex 239.796 4.44708 10
    endloop
  endfacet
  facet normal 0.94665 -0.322263 0
    outer loop
      vertex 239.796 4.44708 0
      vertex 239.543 3.70389 10
      vertex 239.543 3.70389 0
    endloop
  endfacet
  facet normal 0.997886 0.0649964 0
    outer loop
      vertex 240 164 10
      vertex 239.949 164.783 0
      vertex 239.949 164.783 10
    endloop
  endfacet
  facet normal 0.997886 0.0649964 0
    outer loop
      vertex 239.949 164.783 0
      vertex 240 164 10
      vertex 240 164 0
    endloop
  endfacet
  facet normal -0.19495 0.980813 0
    outer loop
      vertex 5.21684 169.949 0
      vertex 4.44708 169.796 10
      vertex 5.21684 169.949 10
    endloop
  endfacet
  facet normal -0.19495 0.980813 0
    outer loop
      vertex 4.44708 169.796 10
      vertex 5.21684 169.949 0
      vertex 4.44708 169.796 0
    endloop
  endfacet
  facet normal 0.659392 -0.751799 0
    outer loop
      vertex 237.653 1.23987 0
      vertex 238.243 1.75735 10
      vertex 237.653 1.23987 10
    endloop
  endfacet
  facet normal 0.659392 -0.751799 0
    outer loop
      vertex 238.243 1.75735 10
      vertex 237.653 1.23987 0
      vertex 238.243 1.75735 0
    endloop
  endfacet
  facet normal 1 -0 0
    outer loop
      vertex 240 6 10
      vertex 240 164 0
      vertex 240 164 10
    endloop
  endfacet
  facet normal 1 0 0
    outer loop
      vertex 240 164 0
      vertex 240 6 10
      vertex 240 6 0
    endloop
  endfacet
  facet normal -0.980787 -0.19508 0
    outer loop
      vertex 0.204437 4.44708 0
      vertex 0.0513306 5.21684 10
      vertex 0.0513306 5.21684 0
    endloop
  endfacet
  facet normal -0.980787 -0.19508 0
    outer loop
      vertex 0.0513306 5.21684 10
      vertex 0.204437 4.44708 0
      vertex 0.204437 4.44708 10
    endloop
  endfacet
  facet normal -0.751799 0.659392 0
    outer loop
      vertex 1.23987 167.653 0
      vertex 1.75735 168.243 10
      vertex 1.75735 168.243 0
    endloop
  endfacet
  facet normal -0.751799 0.659392 0
    outer loop
      vertex 1.75735 168.243 10
      vertex 1.23987 167.653 0
      vertex 1.23987 167.653 10
    endloop
  endfacet
  facet normal -0.442291 -0.896872 0
    outer loop
      vertex 3 0.803833 0
      vertex 3.70389 0.456711 10
      vertex 3 0.803833 10
    endloop
  endfacet
  facet normal -0.442291 -0.896872 -0
    outer loop
      vertex 3.70389 0.456711 10
      vertex 3 0.803833 0
      vertex 3.70389 0.456711 0
    endloop
  endfacet
  facet normal -0.658995 0.752147 0
    outer loop
      vertex 2.34743 168.76 0
      vertex 1.75735 168.243 10
      vertex 2.34743 168.76 10
    endloop
  endfacet
  facet normal -0.658995 0.752147 0
    outer loop
      vertex 1.75735 168.243 10
      vertex 2.34743 168.76 0
      vertex 1.75735 168.243 0
    endloop
  endfacet
  facet normal -0.997858 0.0654159 0
    outer loop
      vertex 0 164 0
      vertex 0.0513306 164.783 10
      vertex 0.0513306 164.783 0
    endloop
  endfacet
  facet normal -0.997858 0.0654159 0
    outer loop
      vertex 0.0513306 164.783 10
      vertex 0 164 0
      vertex 0 164 10
    endloop
  endfacet
  facet normal -0.896872 -0.442291 0
    outer loop
      vertex 0.803833 3 0
      vertex 0.456711 3.70389 10
      vertex 0.456711 3.70389 0
    endloop
  endfacet
  facet normal -0.896872 -0.442291 0
    outer loop
      vertex 0.456711 3.70389 10
      vertex 0.803833 3 0
      vertex 0.803833 3 10
    endloop
  endfacet
  facet normal 0.194891 0.980825 -0
    outer loop
      vertex 235.553 169.796 0
      vertex 234.783 169.949 10
      vertex 235.553 169.796 10
    endloop
  endfacet
  facet normal 0.194891 0.980825 0
    outer loop
      vertex 234.783 169.949 10
      vertex 235.553 169.796 0
      vertex 234.783 169.949 0
    endloop
  endfacet
  facet normal 0.195022 -0.980799 0
    outer loop
      vertex 234.783 0.0513306 0
      vertex 235.553 0.204437 10
      vertex 234.783 0.0513306 10
    endloop
  endfacet
  facet normal 0.195022 -0.980799 0
    outer loop
      vertex 235.553 0.204437 10
      vertex 234.783 0.0513306 0
      vertex 235.553 0.204437 0
    endloop
  endfacet
  facet normal 0.555288 0.831658 -0
    outer loop
      vertex 237.653 168.76 0
      vertex 237 169.196 10
      vertex 237.653 168.76 10
    endloop
  endfacet
  facet normal 0.555288 0.831658 0
    outer loop
      vertex 237 169.196 10
      vertex 237.653 168.76 0
      vertex 237 169.196 0
    endloop
  endfacet
  facet normal 0.946625 0.322337 0
    outer loop
      vertex 239.796 165.553 10
      vertex 239.543 166.296 0
      vertex 239.543 166.296 10
    endloop
  endfacet
  facet normal 0.946625 0.322337 0
    outer loop
      vertex 239.543 166.296 0
      vertex 239.796 165.553 10
      vertex 239.796 165.553 0
    endloop
  endfacet
  facet normal 0.44211 0.896961 -0
    outer loop
      vertex 237 169.196 0
      vertex 236.296 169.543 10
      vertex 237 169.196 10
    endloop
  endfacet
  facet normal 0.44211 0.896961 0
    outer loop
      vertex 236.296 169.543 10
      vertex 237 169.196 0
      vertex 236.296 169.543 0
    endloop
  endfacet
  facet normal -0.442166 0.896933 0
    outer loop
      vertex 3.70389 169.543 0
      vertex 3 169.196 10
      vertex 3.70389 169.543 10
    endloop
  endfacet
  facet normal -0.442166 0.896933 0
    outer loop
      vertex 3 169.196 10
      vertex 3.70389 169.543 0
      vertex 3 169.196 0
    endloop
  endfacet
  facet normal 0.980825 0.194891 0
    outer loop
      vertex 239.949 164.783 10
      vertex 239.796 165.553 0
      vertex 239.796 165.553 10
    endloop
  endfacet
  facet normal 0.980825 0.194891 0
    outer loop
      vertex 239.796 165.553 0
      vertex 239.949 164.783 10
      vertex 239.949 164.783 0
    endloop
  endfacet
  facet normal -0.831467 -0.555573 0
    outer loop
      vertex 1.23987 2.34743 0
      vertex 0.803833 3 10
      vertex 0.803833 3 0
    endloop
  endfacet
  facet normal -0.831467 -0.555573 0
    outer loop
      vertex 0.803833 3 10
      vertex 1.23987 2.34743 0
      vertex 1.23987 2.34743 10
    endloop
  endfacet
  facet normal -0.946907 0.321507 0
    outer loop
      vertex 0.204437 165.553 0
      vertex 0.456711 166.296 10
      vertex 0.456711 166.296 0
    endloop
  endfacet
  facet normal -0.946907 0.321507 0
    outer loop
      vertex 0.456711 166.296 10
      vertex 0.204437 165.553 0
      vertex 0.204437 165.553 10
    endloop
  endfacet
  facet normal -0.322263 0.94665 0
    outer loop
      vertex 4.44708 169.796 0
      vertex 3.70389 169.543 10
      vertex 4.44708 169.796 10
    endloop
  endfacet
  facet normal -0.322263 0.94665 0
    outer loop
      vertex 3.70389 169.543 10
      vertex 4.44708 169.796 0
      vertex 3.70389 169.543 0
    endloop
  endfacet
  facet normal 0.831489 -0.555541 0
    outer loop
      vertex 238.76 2.34743 10
      vertex 239.196 3 0
      vertex 239.196 3 10
    endloop
  endfacet
  facet normal 0.831489 -0.555541 0
    outer loop
      vertex 239.196 3 0
      vertex 238.76 2.34743 10
      vertex 238.76 2.34743 0
    endloop
  endfacet
  facet normal 0.896933 -0.442166 0
    outer loop
      vertex 239.196 3 10
      vertex 239.543 3.70389 0
      vertex 239.543 3.70389 10
    endloop
  endfacet
  facet normal 0.896933 -0.442166 0
    outer loop
      vertex 239.543 3.70389 0
      vertex 239.196 3 10
      vertex 239.196 3 0
    endloop
  endfacet
  facet normal -0.321434 -0.946932 0
    outer loop
      vertex 3.70389 0.456711 0
      vertex 4.44708 0.204437 10
      vertex 3.70389 0.456711 10
    endloop
  endfacet
  facet normal -0.321434 -0.946932 -0
    outer loop
      vertex 4.44708 0.204437 10
      vertex 3.70389 0.456711 0
      vertex 4.44708 0.204437 0
    endloop
  endfacet
  facet normal 0.659046 0.752103 -0
    outer loop
      vertex 238.243 168.243 0
      vertex 237.653 168.76 10
      vertex 238.243 168.243 10
    endloop
  endfacet
  facet normal 0.659046 0.752103 0
    outer loop
      vertex 237.653 168.76 10
      vertex 238.243 168.243 0
      vertex 237.653 168.76 0
    endloop
  endfacet
  facet normal 0.55532 -0.831636 0
    outer loop
      vertex 237 0.803833 0
      vertex 237.653 1.23987 10
      vertex 237 0.803833 10
    endloop
  endfacet
  facet normal 0.55532 -0.831636 0
    outer loop
      vertex 237.653 1.23987 10
      vertex 237 0.803833 0
      vertex 237.653 1.23987 0
    endloop
  endfacet
  facet normal 0.442235 -0.896899 0
    outer loop
      vertex 236.296 0.456711 0
      vertex 237 0.803833 10
      vertex 236.296 0.456711 10
    endloop
  endfacet
  facet normal 0.442235 -0.896899 0
    outer loop
      vertex 237 0.803833 10
      vertex 236.296 0.456711 0
      vertex 237 0.803833 0
    endloop
  endfacet
  facet normal -0.555541 0.831489 0
    outer loop
      vertex 3 169.196 0
      vertex 2.34743 168.76 10
      vertex 3 169.196 10
    endloop
  endfacet
  facet normal -0.555541 0.831489 0
    outer loop
      vertex 2.34743 168.76 10
      vertex 3 169.196 0
      vertex 2.34743 168.76 0
    endloop
  endfacet
  facet normal -0.0654026 -0.997859 0
    outer loop
      vertex 5.21684 0.0513306 0
      vertex 6 0 10
      vertex 5.21684 0.0513306 10
    endloop
  endfacet
  facet normal -0.0654026 -0.997859 -0
    outer loop
      vertex 6 0 10
      vertex 5.21684 0.0513306 0
      vertex 6 0 0
    endloop
  endfacet
  facet normal -0.19508 -0.980787 0
    outer loop
      vertex 4.44708 0.204437 0
      vertex 5.21684 0.0513306 10
      vertex 4.44708 0.204437 10
    endloop
  endfacet
  facet normal -0.19508 -0.980787 -0
    outer loop
      vertex 5.21684 0.0513306 10
      vertex 4.44708 0.204437 0
      vertex 5.21684 0.0513306 0
    endloop
  endfacet
  facet normal 0.997886 -0.0649832 0
    outer loop
      vertex 239.949 5.21684 10
      vertex 240 6 0
      vertex 240 6 10
    endloop
  endfacet
  facet normal 0.997886 -0.0649832 0
    outer loop
      vertex 240 6 0
      vertex 239.949 5.21684 10
      vertex 239.949 5.21684 0
    endloop
  endfacet
  facet normal 0.0654159 -0.997858 0
    outer loop
      vertex 234 0 0
      vertex 234.783 0.0513306 10
      vertex 234 0 10
    endloop
  endfacet
  facet normal 0.0654159 -0.997858 0
    outer loop
      vertex 234.783 0.0513306 10
      vertex 234 0 0
      vertex 234.783 0.0513306 0
    endloop
  endfacet
  facet normal 0.752147 -0.658995 0
    outer loop
      vertex 238.243 1.75735 10
      vertex 238.76 2.34743 0
      vertex 238.76 2.34743 10
    endloop
  endfacet
  facet normal 0.752147 -0.658995 0
    outer loop
      vertex 238.76 2.34743 0
      vertex 238.243 1.75735 10
      vertex 238.243 1.75735 0
    endloop
  endfacet
  facet normal -0.0649832 0.997886 0
    outer loop
      vertex 6 170 0
      vertex 5.21684 169.949 10
      vertex 6 170 10
    endloop
  endfacet
  facet normal -0.0649832 0.997886 0
    outer loop
      vertex 5.21684 169.949 10
      vertex 6 170 0
      vertex 5.21684 169.949 0
    endloop
  endfacet
  facet normal 0 0 1
    outer loop
      vertex 20.2 82.5 2.4
      vertex 15 65 2.4
      vertex 20.2 65 2.4
    endloop
  endfacet
  facet normal -0 0 1
    outer loop
      vertex 3 82.5 2.4
      vertex 15 65 2.4
      vertex 20.2 82.5 2.4
    endloop
  endfacet
  facet normal 0 0 1
    outer loop
      vertex 3 51.5 2.4
      vertex 15 65 2.4
      vertex 3 82.5 2.4
    endloop
  endfacet
  facet normal 0 0 1
    outer loop
      vertex 15 65 2.4
      vertex 3 51.5 2.4
      vertex 15 51.5 2.4
    endloop
  endfacet
  facet normal -0 0 1
    outer loop
      vertex 3 46.5 2.4
      vertex 15 33 2.4
      vertex 15 46.5 2.4
    endloop
  endfacet
  facet normal 0 0 1
    outer loop
      vertex 15 33 2.4
      vertex 3 6 2.4
      vertex 6 3 2.4
    endloop
  endfacet
  facet normal 0 0 1
    outer loop
      vertex 6 3 2.4
      vertex 3 6 2.4
      vertex 5.60841 3.02567 2.4
    endloop
  endfacet
  facet normal 0 0 1
    outer loop
      vertex 5.60841 3.02567 2.4
      vertex 3 6 2.4
      vertex 5.22354 3.10222 2.4
    endloop
  endfacet
  facet normal 0 0 1
    outer loop
      vertex 5.22354 3.10222 2.4
      vertex 3 6 2.4
      vertex 4.85194 3.22835 2.4
    endloop
  endfacet
  facet normal 0 0 1
    outer loop
      vertex 4.85194 3.22835 2.4
      vertex 3 6 2.4
      vertex 4.5 3.40192 2.4
    endloop
  endfacet
  facet normal 0 0 1
    outer loop
      vertex 4.5 3.40192 2.4
      vertex 3 6 2.4
      vertex 4.17371 3.61993 2.4
    endloop
  endfacet
  facet normal 0 0 1
    outer loop
      vertex 4.17371 3.61993 2.4
      vertex 3 6 2.4
      vertex 3.87868 3.87868 2.4
    endloop
  endfacet
  facet normal 0 0 1
    outer loop
      vertex 3.87868 3.87868 2.4
      vertex 3 6 2.4
      vertex 3.61993 4.17371 2.4
    endloop
  endfacet
  facet normal 0 0 1
    outer loop
      vertex 3.61993 4.17371 2.4
      vertex 3 6 2.4
      vertex 3.40192 4.5 2.4
    endloop
  endfacet
  facet normal 0 0 1
    outer loop
      vertex 3.40192 4.5 2.4
      vertex 3 6 2.4
      vertex 3.22835 4.85194 2.4
    endloop
  endfacet
  facet normal 0 0 1
    outer loop
      vertex 3.22835 4.85194 2.4
      vertex 3 6 2.4
      vertex 3.10222 5.22354 2.4
    endloop
  endfacet
  facet normal 0 0 1
    outer loop
      vertex 15 33 2.4
      vertex 3 46.5 2.4
      vertex 3 6 2.4
    endloop
  endfacet
  facet normal 0 0 1
    outer loop
      vertex 3.10222 5.22354 2.4
      vertex 3 6 2.4
      vertex 3.02567 5.60841 2.4
    endloop
  endfacet
  facet normal -0 0 1
    outer loop
      vertex 15 33 2.4
      vertex 20.2 3 2.4
      vertex 20.2 33 2.4
    endloop
  endfacet
  facet normal 0 0 1
    outer loop
      vertex 20.2 3 2.4
      vertex 15 33 2.4
      vertex 6 3 2.4
    endloop
  endfacet
  facet normal 0 0 1
    outer loop
      vertex 20.2 167 2.4
      vertex 15 137 2.4
      vertex 20.2 137 2.4
    endloop
  endfacet
  facet normal 0 0 1
    outer loop
      vertex 3 164 2.4
      vertex 20.2 167 2.4
      vertex 6 167 2.4
    endloop
  endfacet
  facet normal 0 0 1
    outer loop
      vertex 20.2 167 2.4
      vertex 3 164 2.4
      vertex 15 137 2.4
    endloop
  endfacet
  facet normal 0 0 1
    outer loop
      vertex 3 164 2.4
      vertex 6 167 2.4
      vertex 5.60841 166.974 2.4
    endloop
  endfacet
  facet normal 0 0 1
    outer loop
      vertex 3 164 2.4
      vertex 5.60841 166.974 2.4
      vertex 5.22354 166.898 2.4
    endloop
  endfacet
  facet normal 0 0 1
    outer loop
      vertex 3 164 2.4
      vertex 5.22354 166.898 2.4
      vertex 4.85194 166.772 2.4
    endloop
  endfacet
  facet normal 0 0 1
    outer loop
      vertex 3 164 2.4
      vertex 4.85194 166.772 2.4
      vertex 4.5 166.598 2.4
    endloop
  endfacet
  facet normal 0 0 1
    outer loop
      vertex 3 164 2.4
      vertex 4.5 166.598 2.4
      vertex 4.17371 166.38 2.4
    endloop
  endfacet
  facet normal 0 0 1
    outer loop
      vertex 3 164 2.4
      vertex 4.17371 166.38 2.4
      vertex 3.87868 166.121 2.4
    endloop
  endfacet
  facet normal 0 0 1
    outer loop
      vertex 3 164 2.4
      vertex 3.87868 166.121 2.4
      vertex 3.61993 165.826 2.4
    endloop
  endfacet
  facet normal 0 0 1
    outer loop
      vertex 3 164 2.4
      vertex 3.61993 165.826 2.4
      vertex 3.40192 165.5 2.4
    endloop
  endfacet
  facet normal 0 0 1
    outer loop
      vertex 3 164 2.4
      vertex 3.40192 165.5 2.4
      vertex 3.22835 165.148 2.4
    endloop
  endfacet
  facet normal 0 0 1
    outer loop
      vertex 3 164 2.4
      vertex 3.22835 165.148 2.4
      vertex 3.10222 164.776 2.4
    endloop
  endfacet
  facet normal 0 0 1
    outer loop
      vertex 3 164 2.4
      vertex 3.10222 164.776 2.4
      vertex 3.02567 164.392 2.4
    endloop
  endfacet
  facet normal 0 0 1
    outer loop
      vertex 3 123.5 2.4
      vertex 15 137 2.4
      vertex 3 164 2.4
    endloop
  endfacet
  facet normal 0 0 1
    outer loop
      vertex 15 137 2.4
      vertex 3 123.5 2.4
      vertex 15 123.5 2.4
    endloop
  endfacet
  facet normal 0 0 1
    outer loop
      vertex 15 118.5 2.4
      vertex 3 118.5 2.4
      vertex 15 105 2.4
    endloop
  endfacet
  facet normal -0 0 1
    outer loop
      vertex 15 105 2.4
      vertex 20.2 87.5 2.4
      vertex 20.2 105 2.4
    endloop
  endfacet
  facet normal 0 0 1
    outer loop
      vertex 3 87.5 2.4
      vertex 15 105 2.4
      vertex 3 118.5 2.4
    endloop
  endfacet
  facet normal 0 0 1
    outer loop
      vertex 15 105 2.4
      vertex 3 87.5 2.4
      vertex 20.2 87.5 2.4
    endloop
  endfacet
  facet normal 0 0 1
    outer loop
      vertex 69.2 82.5 2.4
      vertex 29 65 2.4
      vertex 69.2 51.5 2.4
    endloop
  endfacet
  facet normal -0 0 1
    outer loop
      vertex 23.8 82.5 2.4
      vertex 29 65 2.4
      vertex 69.2 82.5 2.4
    endloop
  endfacet
  facet normal 0 0 1
    outer loop
      vertex 29 65 2.4
      vertex 23.8 82.5 2.4
      vertex 23.8 65 2.4
    endloop
  endfacet
  facet normal 0 0 1
    outer loop
      vertex 69.2 51.5 2.4
      vertex 29 65 2.4
      vertex 29 51.5 2.4
    endloop
  endfacet
  facet normal 0 0 1
    outer loop
      vertex 29 33 2.4
      vertex 69.2 46.5 2.4
      vertex 29 46.5 2.4
    endloop
  endfacet
  facet normal 0 0 1
    outer loop
      vertex 69.2 46.5 2.4
      vertex 29 33 2.4
      vertex 69.2 3 2.4
    endloop
  endfacet
  facet normal 0 0 1
    outer loop
      vertex 23.8 3 2.4
      vertex 29 33 2.4
      vertex 23.8 33 2.4
    endloop
  endfacet
  facet normal 0 0 1
    outer loop
      vertex 29 33 2.4
      vertex 23.8 3 2.4
      vertex 69.2 3 2.4
    endloop
  endfacet
  facet normal 0 0 1
    outer loop
      vertex 69.2 167 2.4
      vertex 29 137 2.4
      vertex 69.2 123.5 2.4
    endloop
  endfacet
  facet normal -0 0 1
    outer loop
      vertex 23.8 167 2.4
      vertex 29 137 2.4
      vertex 69.2 167 2.4
    endloop
  endfacet
  facet normal 0 0 1
    outer loop
      vertex 29 137 2.4
      vertex 23.8 167 2.4
      vertex 23.8 137 2.4
    endloop
  endfacet
  facet normal 0 0 1
    outer loop
      vertex 69.2 123.5 2.4
      vertex 29 137 2.4
      vertex 29 123.5 2.4
    endloop
  endfacet
  facet normal 0 0 1
    outer loop
      vertex 29 105 2.4
      vertex 69.2 118.5 2.4
      vertex 29 118.5 2.4
    endloop
  endfacet
  facet normal 0 0 1
    outer loop
      vertex 69.2 118.5 2.4
      vertex 29 105 2.4
      vertex 69.2 87.5 2.4
    endloop
  endfacet
  facet normal 0 0 1
    outer loop
      vertex 23.8 87.5 2.4
      vertex 29 105 2.4
      vertex 23.8 105 2.4
    endloop
  endfacet
  facet normal 0 0 1
    outer loop
      vertex 29 105 2.4
      vertex 23.8 87.5 2.4
      vertex 69.2 87.5 2.4
    endloop
  endfacet
  facet normal 0 0 1
    outer loop
      vertex 216.2 82.5 2.4
      vertex 211 65 2.4
      vertex 216.2 65 2.4
    endloop
  endfacet
  facet normal -0 0 1
    outer loop
      vertex 170.8 82.5 2.4
      vertex 211 65 2.4
      vertex 216.2 82.5 2.4
    endloop
  endfacet
  facet normal 0 0 1
    outer loop
      vertex 170.8 51.5 2.4
      vertex 211 65 2.4
      vertex 170.8 82.5 2.4
    endloop
  endfacet
  facet normal 0 0 1
    outer loop
      vertex 211 65 2.4
      vertex 170.8 51.5 2.4
      vertex 211 51.5 2.4
    endloop
  endfacet
  facet normal 0 0 1
    outer loop
      vertex 211 46.5 2.4
      vertex 170.8 46.5 2.4
      vertex 211 33 2.4
    endloop
  endfacet
  facet normal -0 0 1
    outer loop
      vertex 211 33 2.4
      vertex 216.2 3 2.4
      vertex 216.2 33 2.4
    endloop
  endfacet
  facet normal 0 0 1
    outer loop
      vertex 170.8 3 2.4
      vertex 211 33 2.4
      vertex 170.8 46.5 2.4
    endloop
  endfacet
  facet normal 0 0 1
    outer loop
      vertex 211 33 2.4
      vertex 170.8 3 2.4
      vertex 216.2 3 2.4
    endloop
  endfacet
  facet normal 0 0 1
    outer loop
      vertex 211 118.5 2.4
      vertex 170.8 118.5 2.4
      vertex 211 105 2.4
    endloop
  endfacet
  facet normal -0 0 1
    outer loop
      vertex 211 105 2.4
      vertex 216.2 87.5 2.4
      vertex 216.2 105 2.4
    endloop
  endfacet
  facet normal 0 0 1
    outer loop
      vertex 170.8 87.5 2.4
      vertex 211 105 2.4
      vertex 170.8 118.5 2.4
    endloop
  endfacet
  facet normal 0 0 1
    outer loop
      vertex 211 105 2.4
      vertex 170.8 87.5 2.4
      vertex 216.2 87.5 2.4
    endloop
  endfacet
  facet normal 0 0 1
    outer loop
      vertex 216.2 167 2.4
      vertex 211 137 2.4
      vertex 216.2 137 2.4
    endloop
  endfacet
  facet normal -0 0 1
    outer loop
      vertex 170.8 167 2.4
      vertex 211 137 2.4
      vertex 216.2 167 2.4
    endloop
  endfacet
  facet normal 0 0 1
    outer loop
      vertex 170.8 123.5 2.4
      vertex 211 137 2.4
      vertex 170.8 167 2.4
    endloop
  endfacet
  facet normal 0 0 1
    outer loop
      vertex 211 137 2.4
      vertex 170.8 123.5 2.4
      vertex 211 123.5 2.4
    endloop
  endfacet
  facet normal -0 0 1
    outer loop
      vertex 225 33 2.4
      vertex 237 6 2.4
      vertex 237 46.5 2.4
    endloop
  endfacet
  facet normal 0 0 1
    outer loop
      vertex 219.8 3 2.4
      vertex 237 6 2.4
      vertex 225 33 2.4
    endloop
  endfacet
  facet normal 0 -0 1
    outer loop
      vertex 234 3 2.4
      vertex 237 6 2.4
      vertex 219.8 3 2.4
    endloop
  endfacet
  facet normal 0 0 1
    outer loop
      vertex 237 6 2.4
      vertex 234 3 2.4
      vertex 236.974 5.60841 2.4
    endloop
  endfacet
  facet normal 0 0 1
    outer loop
      vertex 236.974 5.60841 2.4
      vertex 234 3 2.4
      vertex 236.898 5.22354 2.4
    endloop
  endfacet
  facet normal 0 0 1
    outer loop
      vertex 236.772 4.85194 2.4
      vertex 234 3 2.4
      vertex 236.598 4.5 2.4
    endloop
  endfacet
  facet normal 0 0 1
    outer loop
      vertex 236.598 4.5 2.4
      vertex 234 3 2.4
      vertex 236.38 4.17371 2.4
    endloop
  endfacet
  facet normal 0 0 1
    outer loop
      vertex 236.38 4.17371 2.4
      vertex 234 3 2.4
      vertex 236.121 3.87868 2.4
    endloop
  endfacet
  facet normal 0 0 1
    outer loop
      vertex 236.121 3.87868 2.4
      vertex 234 3 2.4
      vertex 235.826 3.61993 2.4
    endloop
  endfacet
  facet normal 0 0 1
    outer loop
      vertex 235.826 3.61993 2.4
      vertex 234 3 2.4
      vertex 235.5 3.40192 2.4
    endloop
  endfacet
  facet normal 0 0 1
    outer loop
      vertex 235.5 3.40192 2.4
      vertex 234 3 2.4
      vertex 235.148 3.22835 2.4
    endloop
  endfacet
  facet normal 0 0 1
    outer loop
      vertex 235.148 3.22835 2.4
      vertex 234 3 2.4
      vertex 234.776 3.10222 2.4
    endloop
  endfacet
  facet normal 0 0 1
    outer loop
      vertex 225 33 2.4
      vertex 237 46.5 2.4
      vertex 225 46.5 2.4
    endloop
  endfacet
  facet normal 0 0 1
    outer loop
      vertex 234.776 3.10222 2.4
      vertex 234 3 2.4
      vertex 234.392 3.02567 2.4
    endloop
  endfacet
  facet normal 0 0 1
    outer loop
      vertex 219.8 3 2.4
      vertex 225 33 2.4
      vertex 219.8 33 2.4
    endloop
  endfacet
  facet normal 0 0 1
    outer loop
      vertex 236.898 5.22354 2.4
      vertex 234 3 2.4
      vertex 236.772 4.85194 2.4
    endloop
  endfacet
  facet normal 0 0 1
    outer loop
      vertex 237 82.5 2.4
      vertex 225 65 2.4
      vertex 237 51.5 2.4
    endloop
  endfacet
  facet normal -0 0 1
    outer loop
      vertex 219.8 82.5 2.4
      vertex 225 65 2.4
      vertex 237 82.5 2.4
    endloop
  endfacet
  facet normal 0 0 1
    outer loop
      vertex 225 65 2.4
      vertex 219.8 82.5 2.4
      vertex 219.8 65 2.4
    endloop
  endfacet
  facet normal 0 0 1
    outer loop
      vertex 237 51.5 2.4
      vertex 225 65 2.4
      vertex 225 51.5 2.4
    endloop
  endfacet
  facet normal 0 0 1
    outer loop
      vertex 237 164 2.4
      vertex 219.8 167 2.4
      vertex 225 137 2.4
    endloop
  endfacet
  facet normal 0 0 1
    outer loop
      vertex 225 137 2.4
      vertex 219.8 167 2.4
      vertex 219.8 137 2.4
    endloop
  endfacet
  facet normal 0 0 1
    outer loop
      vertex 234 167 2.4
      vertex 237 164 2.4
      vertex 236.974 164.392 2.4
    endloop
  endfacet
  facet normal 0 0 1
    outer loop
      vertex 234 167 2.4
      vertex 236.974 164.392 2.4
      vertex 236.898 164.776 2.4
    endloop
  endfacet
  facet normal 0 0 1
    outer loop
      vertex 234 167 2.4
      vertex 236.898 164.776 2.4
      vertex 236.772 165.148 2.4
    endloop
  endfacet
  facet normal 0 0 1
    outer loop
      vertex 234 167 2.4
      vertex 236.772 165.148 2.4
      vertex 236.598 165.5 2.4
    endloop
  endfacet
  facet normal 0 0 1
    outer loop
      vertex 234 167 2.4
      vertex 236.598 165.5 2.4
      vertex 236.38 165.826 2.4
    endloop
  endfacet
  facet normal 0 0 1
    outer loop
      vertex 234 167 2.4
      vertex 236.38 165.826 2.4
      vertex 236.121 166.121 2.4
    endloop
  endfacet
  facet normal 0 0 1
    outer loop
      vertex 234 167 2.4
      vertex 236.121 166.121 2.4
      vertex 235.826 166.38 2.4
    endloop
  endfacet
  facet normal 0 0 1
    outer loop
      vertex 234 167 2.4
      vertex 235.826 166.38 2.4
      vertex 235.5 166.598 2.4
    endloop
  endfacet
  facet normal 0 0 1
    outer loop
      vertex 234 167 2.4
      vertex 235.5 166.598 2.4
      vertex 235.148 166.772 2.4
    endloop
  endfacet
  facet normal 0 0 1
    outer loop
      vertex 234 167 2.4
      vertex 235.148 166.772 2.4
      vertex 234.776 166.898 2.4
    endloop
  endfacet
  facet normal 0 0 1
    outer loop
      vertex 234 167 2.4
      vertex 234.776 166.898 2.4
      vertex 234.392 166.974 2.4
    endloop
  endfacet
  facet normal -0 0 1
    outer loop
      vertex 219.8 167 2.4
      vertex 237 164 2.4
      vertex 234 167 2.4
    endloop
  endfacet
  facet normal 0 0 1
    outer loop
      vertex 237 164 2.4
      vertex 225 137 2.4
      vertex 237 123.5 2.4
    endloop
  endfacet
  facet normal 0 0 1
    outer loop
      vertex 237 123.5 2.4
      vertex 225 137 2.4
      vertex 225 123.5 2.4
    endloop
  endfacet
  facet normal 0 0 1
    outer loop
      vertex 225 105 2.4
      vertex 237 118.5 2.4
      vertex 225 118.5 2.4
    endloop
  endfacet
  facet normal 0 0 1
    outer loop
      vertex 237 118.5 2.4
      vertex 225 105 2.4
      vertex 237 87.5 2.4
    endloop
  endfacet
  facet normal 0 0 1
    outer loop
      vertex 219.8 87.5 2.4
      vertex 225 105 2.4
      vertex 219.8 105 2.4
    endloop
  endfacet
  facet normal 0 0 1
    outer loop
      vertex 225 105 2.4
      vertex 219.8 87.5 2.4
      vertex 237 87.5 2.4
    endloop
  endfacet
  facet normal -0 0 1
    outer loop
      vertex 72.8 167 2.4
      vertex 118.2 123.5 2.4
      vertex 118.2 167 2.4
    endloop
  endfacet
  facet normal 0 0 1
    outer loop
      vertex 118.2 123.5 2.4
      vertex 72.8 167 2.4
      vertex 72.8 123.5 2.4
    endloop
  endfacet
  facet normal -0 0 1
    outer loop
      vertex 72.8 46.5 2.4
      vertex 118.2 3 2.4
      vertex 118.2 46.5 2.4
    endloop
  endfacet
  facet normal 0 0 1
    outer loop
      vertex 118.2 3 2.4
      vertex 72.8 46.5 2.4
      vertex 72.8 3 2.4
    endloop
  endfacet
  facet normal -0 0 1
    outer loop
      vertex 72.8 82.5 2.4
      vertex 118.2 51.5 2.4
      vertex 118.2 82.5 2.4
    endloop
  endfacet
  facet normal 0 0 1
    outer loop
      vertex 118.2 51.5 2.4
      vertex 72.8 82.5 2.4
      vertex 72.8 51.5 2.4
    endloop
  endfacet
  facet normal -0 0 1
    outer loop
      vertex 72.8 118.5 2.4
      vertex 118.2 87.5 2.4
      vertex 118.2 118.5 2.4
    endloop
  endfacet
  facet normal 0 0 1
    outer loop
      vertex 118.2 87.5 2.4
      vertex 72.8 118.5 2.4
      vertex 72.8 87.5 2.4
    endloop
  endfacet
  facet normal -0 0 1
    outer loop
      vertex 121.8 167 2.4
      vertex 167.2 123.5 2.4
      vertex 167.2 167 2.4
    endloop
  endfacet
  facet normal 0 0 1
    outer loop
      vertex 167.2 123.5 2.4
      vertex 121.8 167 2.4
      vertex 121.8 123.5 2.4
    endloop
  endfacet
  facet normal -0 0 1
    outer loop
      vertex 121.8 46.5 2.4
      vertex 167.2 3 2.4
      vertex 167.2 46.5 2.4
    endloop
  endfacet
  facet normal 0 0 1
    outer loop
      vertex 167.2 3 2.4
      vertex 121.8 46.5 2.4
      vertex 121.8 3 2.4
    endloop
  endfacet
  facet normal -0 0 1
    outer loop
      vertex 121.8 118.5 2.4
      vertex 167.2 87.5 2.4
      vertex 167.2 118.5 2.4
    endloop
  endfacet
  facet normal 0 0 1
    outer loop
      vertex 167.2 87.5 2.4
      vertex 121.8 118.5 2.4
      vertex 121.8 87.5 2.4
    endloop
  endfacet
  facet normal -0 0 1
    outer loop
      vertex 121.8 82.5 2.4
      vertex 167.2 51.5 2.4
      vertex 167.2 82.5 2.4
    endloop
  endfacet
  facet normal 0 0 1
    outer loop
      vertex 167.2 51.5 2.4
      vertex 121.8 82.5 2.4
      vertex 121.8 51.5 2.4
    endloop
  endfacet
  facet normal 0.0654129 0.997858 -0
    outer loop
      vertex 6 3 2.4
      vertex 5.60841 3.02567 10
      vertex 6 3 10
    endloop
  endfacet
  facet normal 0.0654129 0.997858 0
    outer loop
      vertex 5.60841 3.02567 10
      vertex 6 3 2.4
      vertex 5.60841 3.02567 2.4
    endloop
  endfacet
  facet normal 0.195077 0.980788 -0
    outer loop
      vertex 5.60841 3.02567 2.4
      vertex 5.22354 3.10222 10
      vertex 5.60841 3.02567 10
    endloop
  endfacet
  facet normal 0.195077 0.980788 0
    outer loop
      vertex 5.22354 3.10222 10
      vertex 5.60841 3.02567 2.4
      vertex 5.22354 3.10222 2.4
    endloop
  endfacet
  facet normal 0.321414 0.946939 -0
    outer loop
      vertex 5.22354 3.10222 2.4
      vertex 4.85194 3.22835 10
      vertex 5.22354 3.10222 10
    endloop
  endfacet
  facet normal 0.321414 0.946939 0
    outer loop
      vertex 4.85194 3.22835 10
      vertex 5.22354 3.10222 2.4
      vertex 4.85194 3.22835 2.4
    endloop
  endfacet
  facet normal 0.442314 0.89686 -0
    outer loop
      vertex 4.85194 3.22835 2.4
      vertex 4.5 3.40192 10
      vertex 4.85194 3.22835 10
    endloop
  endfacet
  facet normal 0.442314 0.89686 0
    outer loop
      vertex 4.5 3.40192 10
      vertex 4.85194 3.22835 2.4
      vertex 4.5 3.40192 2.4
    endloop
  endfacet
  facet normal 0.555553 0.831481 -0
    outer loop
      vertex 4.5 3.40192 2.4
      vertex 4.17371 3.61993 10
      vertex 4.5 3.40192 10
    endloop
  endfacet
  facet normal 0.555553 0.831481 0
    outer loop
      vertex 4.17371 3.61993 10
      vertex 4.5 3.40192 2.4
      vertex 4.17371 3.61993 2.4
    endloop
  endfacet
  facet normal 0.659368 0.75182 -0
    outer loop
      vertex 4.17371 3.61993 2.4
      vertex 3.87868 3.87868 10
      vertex 4.17371 3.61993 10
    endloop
  endfacet
  facet normal 0.659368 0.75182 0
    outer loop
      vertex 3.87868 3.87868 10
      vertex 4.17371 3.61993 2.4
      vertex 3.87868 3.87868 2.4
    endloop
  endfacet
  facet normal 0.75182 0.659368 0
    outer loop
      vertex 3.87868 3.87868 10
      vertex 3.61993 4.17371 2.4
      vertex 3.61993 4.17371 10
    endloop
  endfacet
  facet normal 0.75182 0.659368 0
    outer loop
      vertex 3.61993 4.17371 2.4
      vertex 3.87868 3.87868 10
      vertex 3.87868 3.87868 2.4
    endloop
  endfacet
  facet normal 0.831481 0.555553 0
    outer loop
      vertex 3.61993 4.17371 10
      vertex 3.40192 4.5 2.4
      vertex 3.40192 4.5 10
    endloop
  endfacet
  facet normal 0.831481 0.555553 0
    outer loop
      vertex 3.40192 4.5 2.4
      vertex 3.61993 4.17371 10
      vertex 3.61993 4.17371 2.4
    endloop
  endfacet
  facet normal 0.89686 0.442314 0
    outer loop
      vertex 3.40192 4.5 10
      vertex 3.22835 4.85194 2.4
      vertex 3.22835 4.85194 10
    endloop
  endfacet
  facet normal 0.89686 0.442314 0
    outer loop
      vertex 3.22835 4.85194 2.4
      vertex 3.40192 4.5 10
      vertex 3.40192 4.5 2.4
    endloop
  endfacet
  facet normal 0.946939 0.321414 0
    outer loop
      vertex 3.22835 4.85194 10
      vertex 3.10222 5.22354 2.4
      vertex 3.10222 5.22354 10
    endloop
  endfacet
  facet normal 0.946939 0.321414 0
    outer loop
      vertex 3.10222 5.22354 2.4
      vertex 3.22835 4.85194 10
      vertex 3.22835 4.85194 2.4
    endloop
  endfacet
  facet normal 0.980788 0.195077 0
    outer loop
      vertex 3.10222 5.22354 10
      vertex 3.02567 5.60841 2.4
      vertex 3.02567 5.60841 10
    endloop
  endfacet
  facet normal 0.980788 0.195077 0
    outer loop
      vertex 3.02567 5.60841 2.4
      vertex 3.10222 5.22354 10
      vertex 3.10222 5.22354 2.4
    endloop
  endfacet
  facet normal 0.997858 0.0654129 0
    outer loop
      vertex 3.02567 5.60841 10
      vertex 3 6 2.4
      vertex 3 6 10
    endloop
  endfacet
  facet normal 0.997858 0.0654129 0
    outer loop
      vertex 3 6 2.4
      vertex 3.02567 5.60841 10
      vertex 3.02567 5.60841 2.4
    endloop
  endfacet
  facet normal 0.997863 -0.0653447 0
    outer loop
      vertex 3 164 10
      vertex 3.02567 164.392 2.4
      vertex 3.02567 164.392 10
    endloop
  endfacet
  facet normal 0.997863 -0.0653447 0
    outer loop
      vertex 3.02567 164.392 2.4
      vertex 3 164 10
      vertex 3 164 2.4
    endloop
  endfacet
  facet normal 0.980703 -0.195502 0
    outer loop
      vertex 3.02567 164.392 10
      vertex 3.10222 164.776 2.4
      vertex 3.10222 164.776 10
    endloop
  endfacet
  facet normal 0.980703 -0.195502 0
    outer loop
      vertex 3.10222 164.776 2.4
      vertex 3.02567 164.392 10
      vertex 3.02567 164.392 2.4
    endloop
  endfacet
  facet normal 0.947044 -0.321104 0
    outer loop
      vertex 3.10222 164.776 10
      vertex 3.22835 165.148 2.4
      vertex 3.22835 165.148 10
    endloop
  endfacet
  facet normal 0.947044 -0.321104 0
    outer loop
      vertex 3.22835 165.148 2.4
      vertex 3.10222 164.776 10
      vertex 3.10222 164.776 2.4
    endloop
  endfacet
  facet normal 0.89689 -0.442253 0
    outer loop
      vertex 3.22835 165.148 10
      vertex 3.40192 165.5 2.4
      vertex 3.40192 165.5 10
    endloop
  endfacet
  facet normal 0.89689 -0.442253 0
    outer loop
      vertex 3.40192 165.5 2.4
      vertex 3.22835 165.148 10
      vertex 3.22835 165.148 2.4
    endloop
  endfacet
  facet normal 0.831253 -0.555894 0
    outer loop
      vertex 3.40192 165.5 10
      vertex 3.61993 165.826 2.4
      vertex 3.61993 165.826 10
    endloop
  endfacet
  facet normal 0.831253 -0.555894 0
    outer loop
      vertex 3.61993 165.826 2.4
      vertex 3.40192 165.5 10
      vertex 3.40192 165.5 2.4
    endloop
  endfacet
  facet normal 0.751787 -0.659406 0
    outer loop
      vertex 3.61993 165.826 10
      vertex 3.87868 166.121 2.4
      vertex 3.87868 166.121 10
    endloop
  endfacet
  facet normal 0.751787 -0.659406 0
    outer loop
      vertex 3.87868 166.121 2.4
      vertex 3.61993 165.826 10
      vertex 3.61993 165.826 2.4
    endloop
  endfacet
  facet normal 0.659728 -0.751504 0
    outer loop
      vertex 3.87868 166.121 2.4
      vertex 4.17371 166.38 10
      vertex 3.87868 166.121 10
    endloop
  endfacet
  facet normal 0.659728 -0.751504 0
    outer loop
      vertex 4.17371 166.38 10
      vertex 3.87868 166.121 2.4
      vertex 4.17371 166.38 2.4
    endloop
  endfacet
  facet normal 0.555535 -0.831493 0
    outer loop
      vertex 4.17371 166.38 2.4
      vertex 4.5 166.598 10
      vertex 4.17371 166.38 10
    endloop
  endfacet
  facet normal 0.555535 -0.831493 0
    outer loop
      vertex 4.5 166.598 10
      vertex 4.17371 166.38 2.4
      vertex 4.5 166.598 2.4
    endloop
  endfacet
  facet normal 0.443195 -0.896425 0
    outer loop
      vertex 4.5 166.598 2.4
      vertex 4.85194 166.772 10
      vertex 4.5 166.598 10
    endloop
  endfacet
  facet normal 0.443195 -0.896425 0
    outer loop
      vertex 4.85194 166.772 10
      vertex 4.5 166.598 2.4
      vertex 4.85194 166.772 2.4
    endloop
  endfacet
  facet normal 0.321117 -0.94704 0
    outer loop
      vertex 4.85194 166.772 2.4
      vertex 5.22354 166.898 10
      vertex 4.85194 166.772 10
    endloop
  endfacet
  facet normal 0.321117 -0.94704 0
    outer loop
      vertex 5.22354 166.898 10
      vertex 4.85194 166.772 2.4
      vertex 5.22354 166.898 2.4
    endloop
  endfacet
  facet normal 0.193728 -0.981055 0
    outer loop
      vertex 5.22354 166.898 2.4
      vertex 5.60841 166.974 10
      vertex 5.22354 166.898 10
    endloop
  endfacet
  facet normal 0.193728 -0.981055 0
    outer loop
      vertex 5.60841 166.974 10
      vertex 5.22354 166.898 2.4
      vertex 5.60841 166.974 2.4
    endloop
  endfacet
  facet normal 0.0662501 -0.997803 0
    outer loop
      vertex 5.60841 166.974 2.4
      vertex 6 167 10
      vertex 5.60841 166.974 10
    endloop
  endfacet
  facet normal 0.0662501 -0.997803 0
    outer loop
      vertex 6 167 10
      vertex 5.60841 166.974 2.4
      vertex 6 167 2.4
    endloop
  endfacet
  facet normal -0.0661811 -0.997808 0
    outer loop
      vertex 234 167 2.4
      vertex 234.392 166.974 10
      vertex 234 167 10
    endloop
  endfacet
  facet normal -0.0661811 -0.997808 -0
    outer loop
      vertex 234.392 166.974 10
      vertex 234 167 2.4
      vertex 234.392 166.974 2.4
    endloop
  endfacet
  facet normal -0.194151 -0.980972 0
    outer loop
      vertex 234.392 166.974 2.4
      vertex 234.776 166.898 10
      vertex 234.392 166.974 10
    endloop
  endfacet
  facet normal -0.194151 -0.980972 -0
    outer loop
      vertex 234.776 166.898 10
      vertex 234.392 166.974 2.4
      vertex 234.776 166.898 2.4
    endloop
  endfacet
  facet normal -0.320807 -0.947145 0
    outer loop
      vertex 234.776 166.898 2.4
      vertex 235.148 166.772 10
      vertex 234.776 166.898 10
    endloop
  endfacet
  facet normal -0.320807 -0.947145 -0
    outer loop
      vertex 235.148 166.772 10
      vertex 234.776 166.898 2.4
      vertex 235.148 166.772 2.4
    endloop
  endfacet
  facet normal -0.443134 -0.896455 0
    outer loop
      vertex 235.148 166.772 2.4
      vertex 235.5 166.598 10
      vertex 235.148 166.772 10
    endloop
  endfacet
  facet normal -0.443134 -0.896455 -0
    outer loop
      vertex 235.5 166.598 10
      vertex 235.148 166.772 2.4
      vertex 235.5 166.598 2.4
    endloop
  endfacet
  facet normal -0.555877 -0.831265 0
    outer loop
      vertex 235.5 166.598 2.4
      vertex 235.826 166.38 10
      vertex 235.5 166.598 10
    endloop
  endfacet
  facet normal -0.555877 -0.831265 -0
    outer loop
      vertex 235.826 166.38 10
      vertex 235.5 166.598 2.4
      vertex 235.826 166.38 2.4
    endloop
  endfacet
  facet normal -0.659766 -0.751471 0
    outer loop
      vertex 235.826 166.38 2.4
      vertex 236.121 166.121 10
      vertex 235.826 166.38 10
    endloop
  endfacet
  facet normal -0.659766 -0.751471 -0
    outer loop
      vertex 236.121 166.121 10
      vertex 235.826 166.38 2.4
      vertex 236.121 166.121 2.4
    endloop
  endfacet
  facet normal -0.751471 -0.659766 0
    outer loop
      vertex 236.38 165.826 2.4
      vertex 236.121 166.121 10
      vertex 236.121 166.121 2.4
    endloop
  endfacet
  facet normal -0.751471 -0.659766 0
    outer loop
      vertex 236.121 166.121 10
      vertex 236.38 165.826 2.4
      vertex 236.38 165.826 10
    endloop
  endfacet
  facet normal -0.831265 -0.555877 0
    outer loop
      vertex 236.598 165.5 2.4
      vertex 236.38 165.826 10
      vertex 236.38 165.826 2.4
    endloop
  endfacet
  facet normal -0.831265 -0.555877 0
    outer loop
      vertex 236.38 165.826 10
      vertex 236.598 165.5 2.4
      vertex 236.598 165.5 10
    endloop
  endfacet
  facet normal -0.896455 -0.443134 0
    outer loop
      vertex 236.772 165.148 2.4
      vertex 236.598 165.5 10
      vertex 236.598 165.5 2.4
    endloop
  endfacet
  facet normal -0.896455 -0.443134 0
    outer loop
      vertex 236.598 165.5 10
      vertex 236.772 165.148 2.4
      vertex 236.772 165.148 10
    endloop
  endfacet
  facet normal -0.947145 -0.320807 0
    outer loop
      vertex 236.898 164.776 2.4
      vertex 236.772 165.148 10
      vertex 236.772 165.148 2.4
    endloop
  endfacet
  facet normal -0.947145 -0.320807 0
    outer loop
      vertex 236.772 165.148 10
      vertex 236.898 164.776 2.4
      vertex 236.898 164.776 10
    endloop
  endfacet
  facet normal -0.980972 -0.194151 0
    outer loop
      vertex 236.974 164.392 2.4
      vertex 236.898 164.776 10
      vertex 236.898 164.776 2.4
    endloop
  endfacet
  facet normal -0.980972 -0.194151 0
    outer loop
      vertex 236.898 164.776 10
      vertex 236.974 164.392 2.4
      vertex 236.974 164.392 10
    endloop
  endfacet
  facet normal -0.997808 -0.0661811 0
    outer loop
      vertex 237 164 2.4
      vertex 236.974 164.392 10
      vertex 236.974 164.392 2.4
    endloop
  endfacet
  facet normal -0.997808 -0.0661811 0
    outer loop
      vertex 236.974 164.392 10
      vertex 237 164 2.4
      vertex 237 164 10
    endloop
  endfacet
  facet normal -0.997803 0.0662501 0
    outer loop
      vertex 236.974 5.60841 2.4
      vertex 237 6 10
      vertex 237 6 2.4
    endloop
  endfacet
  facet normal -0.997803 0.0662501 0
    outer loop
      vertex 237 6 10
      vertex 236.974 5.60841 2.4
      vertex 236.974 5.60841 10
    endloop
  endfacet
  facet normal -0.981055 0.193728 0
    outer loop
      vertex 236.898 5.22354 2.4
      vertex 236.974 5.60841 10
      vertex 236.974 5.60841 2.4
    endloop
  endfacet
  facet normal -0.981055 0.193728 0
    outer loop
      vertex 236.974 5.60841 10
      vertex 236.898 5.22354 2.4
      vertex 236.898 5.22354 10
    endloop
  endfacet
  facet normal -0.94704 0.321117 0
    outer loop
      vertex 236.772 4.85194 2.4
      vertex 236.898 5.22354 10
      vertex 236.898 5.22354 2.4
    endloop
  endfacet
  facet normal -0.94704 0.321117 0
    outer loop
      vertex 236.898 5.22354 10
      vertex 236.772 4.85194 2.4
      vertex 236.772 4.85194 10
    endloop
  endfacet
  facet normal -0.896425 0.443195 0
    outer loop
      vertex 236.598 4.5 2.4
      vertex 236.772 4.85194 10
      vertex 236.772 4.85194 2.4
    endloop
  endfacet
  facet normal -0.896425 0.443195 0
    outer loop
      vertex 236.772 4.85194 10
      vertex 236.598 4.5 2.4
      vertex 236.598 4.5 10
    endloop
  endfacet
  facet normal -0.831493 0.555535 0
    outer loop
      vertex 236.38 4.17371 2.4
      vertex 236.598 4.5 10
      vertex 236.598 4.5 2.4
    endloop
  endfacet
  facet normal -0.831493 0.555535 0
    outer loop
      vertex 236.598 4.5 10
      vertex 236.38 4.17371 2.4
      vertex 236.38 4.17371 10
    endloop
  endfacet
  facet normal -0.751504 0.659728 0
    outer loop
      vertex 236.121 3.87868 2.4
      vertex 236.38 4.17371 10
      vertex 236.38 4.17371 2.4
    endloop
  endfacet
  facet normal -0.751504 0.659728 0
    outer loop
      vertex 236.38 4.17371 10
      vertex 236.121 3.87868 2.4
      vertex 236.121 3.87868 10
    endloop
  endfacet
  facet normal -0.659406 0.751787 0
    outer loop
      vertex 236.121 3.87868 2.4
      vertex 235.826 3.61993 10
      vertex 236.121 3.87868 10
    endloop
  endfacet
  facet normal -0.659406 0.751787 0
    outer loop
      vertex 235.826 3.61993 10
      vertex 236.121 3.87868 2.4
      vertex 235.826 3.61993 2.4
    endloop
  endfacet
  facet normal -0.555894 0.831253 0
    outer loop
      vertex 235.826 3.61993 2.4
      vertex 235.5 3.40192 10
      vertex 235.826 3.61993 10
    endloop
  endfacet
  facet normal -0.555894 0.831253 0
    outer loop
      vertex 235.5 3.40192 10
      vertex 235.826 3.61993 2.4
      vertex 235.5 3.40192 2.4
    endloop
  endfacet
  facet normal -0.442253 0.89689 0
    outer loop
      vertex 235.5 3.40192 2.4
      vertex 235.148 3.22835 10
      vertex 235.5 3.40192 10
    endloop
  endfacet
  facet normal -0.442253 0.89689 0
    outer loop
      vertex 235.148 3.22835 10
      vertex 235.5 3.40192 2.4
      vertex 235.148 3.22835 2.4
    endloop
  endfacet
  facet normal -0.321104 0.947044 0
    outer loop
      vertex 235.148 3.22835 2.4
      vertex 234.776 3.10222 10
      vertex 235.148 3.22835 10
    endloop
  endfacet
  facet normal -0.321104 0.947044 0
    outer loop
      vertex 234.776 3.10222 10
      vertex 235.148 3.22835 2.4
      vertex 234.776 3.10222 2.4
    endloop
  endfacet
  facet normal -0.195502 0.980703 0
    outer loop
      vertex 234.776 3.10222 2.4
      vertex 234.392 3.02567 10
      vertex 234.776 3.10222 10
    endloop
  endfacet
  facet normal -0.195502 0.980703 0
    outer loop
      vertex 234.392 3.02567 10
      vertex 234.776 3.10222 2.4
      vertex 234.392 3.02567 2.4
    endloop
  endfacet
  facet normal -0.0653447 0.997863 0
    outer loop
      vertex 234.392 3.02567 2.4
      vertex 234 3 10
      vertex 234.392 3.02567 10
    endloop
  endfacet
  facet normal -0.0653447 0.997863 0
    outer loop
      vertex 234 3 10
      vertex 234.392 3.02567 2.4
      vertex 234 3 2.4
    endloop
  endfacet
  facet normal -1 0 0
    outer loop
      vertex 25.55 37.95 9
      vertex 25.55 60.05 16
      vertex 25.55 60.05 9
    endloop
  endfacet
  facet normal -1 -0 0
    outer loop
      vertex 25.55 60.05 16
      vertex 25.55 37.95 9
      vertex 25.55 37.95 16
    endloop
  endfacet
  facet normal -0 0 1
    outer loop
      vertex 18.45 60.05 9
      vertex 25.55 37.95 9
      vertex 25.55 60.05 9
    endloop
  endfacet
  facet normal 0 0 1
    outer loop
      vertex 25.55 37.95 9
      vertex 18.45 60.05 9
      vertex 18.45 37.95 9
    endloop
  endfacet
  facet normal 1 -0 0
    outer loop
      vertex 18.45 37.95 16
      vertex 18.45 60.05 9
      vertex 18.45 60.05 16
    endloop
  endfacet
  facet normal 1 0 0
    outer loop
      vertex 18.45 60.05 9
      vertex 18.45 37.95 16
      vertex 18.45 37.95 9
    endloop
  endfacet
  facet normal 0 -1 0
    outer loop
      vertex 18.45 60.05 9
      vertex 25.55 60.05 16
      vertex 18.45 60.05 16
    endloop
  endfacet
  facet normal 0 -1 -0
    outer loop
      vertex 25.55 60.05 16
      vertex 18.45 60.05 9
      vertex 25.55 60.05 9
    endloop
  endfacet
  facet normal 0 1 -0
    outer loop
      vertex 25.55 37.95 9
      vertex 18.45 37.95 16
      vertex 25.55 37.95 16
    endloop
  endfacet
  facet normal 0 1 0
    outer loop
      vertex 18.45 37.95 16
      vertex 25.55 37.95 9
      vertex 18.45 37.95 9
    endloop
  endfacet
  facet normal -1 0 0
    outer loop
      vertex 25.55 109.95 9
      vertex 25.55 132.05 16
      vertex 25.55 132.05 9
    endloop
  endfacet
  facet normal -1 -0 0
    outer loop
      vertex 25.55 132.05 16
      vertex 25.55 109.95 9
      vertex 25.55 109.95 16
    endloop
  endfacet
  facet normal -0 0 1
    outer loop
      vertex 18.45 132.05 9
      vertex 25.55 109.95 9
      vertex 25.55 132.05 9
    endloop
  endfacet
  facet normal 0 0 1
    outer loop
      vertex 25.55 109.95 9
      vertex 18.45 132.05 9
      vertex 18.45 109.95 9
    endloop
  endfacet
  facet normal 1 -0 0
    outer loop
      vertex 18.45 109.95 16
      vertex 18.45 132.05 9
      vertex 18.45 132.05 16
    endloop
  endfacet
  facet normal 1 0 0
    outer loop
      vertex 18.45 132.05 9
      vertex 18.45 109.95 16
      vertex 18.45 109.95 9
    endloop
  endfacet
  facet normal 0 -1 0
    outer loop
      vertex 18.45 132.05 9
      vertex 25.55 132.05 16
      vertex 18.45 132.05 16
    endloop
  endfacet
  facet normal 0 -1 -0
    outer loop
      vertex 25.55 132.05 16
      vertex 18.45 132.05 9
      vertex 25.55 132.05 9
    endloop
  endfacet
  facet normal 0 1 -0
    outer loop
      vertex 25.55 109.95 9
      vertex 18.45 109.95 16
      vertex 25.55 109.95 16
    endloop
  endfacet
  facet normal 0 1 0
    outer loop
      vertex 18.45 109.95 16
      vertex 25.55 109.95 9
      vertex 18.45 109.95 9
    endloop
  endfacet
  facet normal -1 0 0
    outer loop
      vertex 221.55 37.95 9
      vertex 221.55 60.05 16
      vertex 221.55 60.05 9
    endloop
  endfacet
  facet normal -1 -0 0
    outer loop
      vertex 221.55 60.05 16
      vertex 221.55 37.95 9
      vertex 221.55 37.95 16
    endloop
  endfacet
  facet normal -0 0 1
    outer loop
      vertex 214.45 60.05 9
      vertex 221.55 37.95 9
      vertex 221.55 60.05 9
    endloop
  endfacet
  facet normal 0 0 1
    outer loop
      vertex 221.55 37.95 9
      vertex 214.45 60.05 9
      vertex 214.45 37.95 9
    endloop
  endfacet
  facet normal 1 -0 0
    outer loop
      vertex 214.45 37.95 16
      vertex 214.45 60.05 9
      vertex 214.45 60.05 16
    endloop
  endfacet
  facet normal 1 0 0
    outer loop
      vertex 214.45 60.05 9
      vertex 214.45 37.95 16
      vertex 214.45 37.95 9
    endloop
  endfacet
  facet normal 0 -1 0
    outer loop
      vertex 214.45 60.05 9
      vertex 221.55 60.05 16
      vertex 214.45 60.05 16
    endloop
  endfacet
  facet normal 0 -1 -0
    outer loop
      vertex 221.55 60.05 16
      vertex 214.45 60.05 9
      vertex 221.55 60.05 9
    endloop
  endfacet
  facet normal 0 1 -0
    outer loop
      vertex 221.55 37.95 9
      vertex 214.45 37.95 16
      vertex 221.55 37.95 16
    endloop
  endfacet
  facet normal 0 1 0
    outer loop
      vertex 214.45 37.95 16
      vertex 221.55 37.95 9
      vertex 214.45 37.95 9
    endloop
  endfacet
  facet normal -1 0 0
    outer loop
      vertex 221.55 109.95 9
      vertex 221.55 132.05 16
      vertex 221.55 132.05 9
    endloop
  endfacet
  facet normal -1 -0 0
    outer loop
      vertex 221.55 132.05 16
      vertex 221.55 109.95 9
      vertex 221.55 109.95 16
    endloop
  endfacet
  facet normal -0 0 1
    outer loop
      vertex 214.45 132.05 9
      vertex 221.55 109.95 9
      vertex 221.55 132.05 9
    endloop
  endfacet
  facet normal 0 0 1
    outer loop
      vertex 221.55 109.95 9
      vertex 214.45 132.05 9
      vertex 214.45 109.95 9
    endloop
  endfacet
  facet normal 1 -0 0
    outer loop
      vertex 214.45 109.95 16
      vertex 214.45 132.05 9
      vertex 214.45 132.05 16
    endloop
  endfacet
  facet normal 1 0 0
    outer loop
      vertex 214.45 132.05 9
      vertex 214.45 109.95 16
      vertex 214.45 109.95 9
    endloop
  endfacet
  facet normal 0 -1 0
    outer loop
      vertex 214.45 132.05 9
      vertex 221.55 132.05 16
      vertex 214.45 132.05 16
    endloop
  endfacet
  facet normal 0 -1 -0
    outer loop
      vertex 221.55 132.05 16
      vertex 214.45 132.05 9
      vertex 221.55 132.05 9
    endloop
  endfacet
  facet normal 0 1 -0
    outer loop
      vertex 221.55 109.95 9
      vertex 214.45 109.95 16
      vertex 221.55 109.95 16
    endloop
  endfacet
  facet normal 0 1 0
    outer loop
      vertex 214.45 109.95 16
      vertex 221.55 109.95 9
      vertex 214.45 109.95 9
    endloop
  endfacet
endsolid OpenSCAD_Model
